country,date,age_group,age_begin,age_end,casesF,casesM,populationin1000sF,populationin1000sM
Afghanistan,11/16/2021,0-9,0,9,362,390,5407,5682
Afghanistan,11/16/2021,10-19,10,19,6166,4705,4792,5030
Afghanistan,11/16/2021,20-29,20,29,12585,17341,3408,3628
Afghanistan,11/16/2021,30-39,30,39,9898,16877,2167,2367
Afghanistan,11/16/2021,40-49,40,49,7779,12168,1418,1545
Afghanistan,11/16/2021,50-59,50,59,6605,9050,900,941
Afghanistan,11/16/2021,60-69,60,69,5021,7379,537,521
Afghanistan,11/16/2021,70-79,70,79,2187,3734,263,217
Afghanistan,11/16/2021,80+,80,999,778,1596,60,46
Albania,3/21/2022,0-4,0,4,964,1119,80,87
Albania,3/21/2022,5-9,5,9,801,937,80,88
Albania,3/21/2022,10-14,10,14,2069,2247,75,87
Albania,3/21/2022,15-19,15,19,4839,3931,93,106
Albania,3/21/2022,20-24,20,24,8084,5681,111,117
Albania,3/21/2022,25-29,25,29,12158,8786,115,129
Albania,3/21/2022,30-39,30,39,25066,20546,177,213
Albania,3/21/2022,40-49,40,49,20618,16102,167,156
Albania,3/21/2022,50-59,50,59,24825,19445,199,187
Albania,3/21/2022,60-64,60,64,12128,11697,95,91
Albania,3/21/2022,65-69,65,69,9601,9842,74,70
Albania,3/21/2022,70-74,70,74,6583,7911,56,52
Albania,3/21/2022,75-79,75,79,3995,5190,45,41
Albania,3/21/2022,80+,80,999,3966,4856,46,39
Argentina,3/28/2022,0-4,0,4,45833,51021,1833,1903
Argentina,3/28/2022,5-9,5,9,64649,68476,1821,1889
Argentina,3/28/2022,10-14,10,14,107120,101983,1766,1831
Argentina,3/28/2022,15-19,15,19,265242,224807,1740,1800
Argentina,3/28/2022,20-24,20,24,457347,413450,1715,1763
Argentina,3/28/2022,25-29,25,29,552202,514529,1745,1775
Argentina,3/28/2022,30-34,30,34,548975,525537,1660,1659
Argentina,3/28/2022,35-39,35,39,492912,477182,1572,1550
Argentina,3/28/2022,40-44,40,44,471652,448086,1572,1518
Argentina,3/28/2022,45-49,45,49,384704,355603,1360,1278
Argentina,3/28/2022,50-54,50,54,312469,284449,1198,1103
Argentina,3/28/2022,55-59,55,59,254616,233951,1120,1003
Argentina,3/28/2022,60-64,60,64,189111,181737,1007,877
Argentina,3/28/2022,65-69,65,69,142540,136194,899,746
Argentina,3/28/2022,70-74,70,74,101115,98591,758,579
Argentina,3/28/2022,75-79,75,79,69967,64528,578,386
Argentina,3/28/2022,80+,80,999,105808,68473,804,388
Aruba,10/11/2021,0-4,0,4,51,60,3,3
Aruba,10/11/2021,5-9,5,9,131,129,3,3
Aruba,10/11/2021,10-14,10,14,263,271,3,3
Aruba,10/11/2021,15-19,15,19,471,423,4,4
Aruba,10/11/2021,20-24,20,24,677,564,4,4
Aruba,10/11/2021,25-29,25,29,821,695,4,4
Aruba,10/11/2021,30-34,30,34,796,719,3,3
Aruba,10/11/2021,35-39,35,39,776,681,3,3
Aruba,10/11/2021,40-44,40,44,752,656,4,3
Aruba,10/11/2021,45-49,45,49,721,659,4,3
Aruba,10/11/2021,50-54,50,54,749,663,4,4
Aruba,10/11/2021,55-59,55,59,736,615,5,4
Aruba,10/11/2021,60-64,60,64,551,471,4,4
Aruba,10/11/2021,65-69,65,69,343,316,3,3
Aruba,10/11/2021,70-74,70,74,214,200,2,2
Aruba,10/11/2021,75-79,75,79,134,117,2,1
Aruba,10/11/2021,80,80,999,166,99,2,1
Australia,6/15/2022,0-9,0,9,198594,211571,1610,1699
Australia,6/15/2022,10-19,10,19,280425,260973,1527,1603
Australia,6/15/2022,20-29,20,29,440250,399977,1655,1721
Australia,6/15/2022,30-39,30,39,389160,349120,1857,1861
Australia,6/15/2022,40-49,40,49,309060,269041,1664,1642
Australia,6/15/2022,50-59,50,59,234039,213698,1571,1536
Australia,6/15/2022,60-69,60,69,145977,143935,1356,1296
Australia,6/15/2022,70-79,70,79,74263,81729,953,893
Australia,6/15/2022,80-89,80,89,35939,34970,474,378
Australia,6/15/2022,90+,90,999,15512,8773,134,69
Austria,6/15/2022,0-4,0,4,45398,48758,218,230
Austria,6/15/2022,5-14,5,14,288732,312423,411,439
Austria,6/15/2022,15-24,15,24,317539,308835,464,497
Austria,6/15/2022,25-34,25,34,374697,350918,599,628
Austria,6/15/2022,35-44,35,44,378405,331874,590,599
Austria,6/15/2022,45-54,45,54,344835,304529,663,663
Austria,6/15/2022,55-64,55,64,248479,241476,717,704
Austria,6/15/2022,65-74,65,74,120989,113429,457,401
Austria,6/15/2022,75-84,75,84,80024,68806,368,276
Austria,6/15/2022,85+,85,999,44080,21586,152,76
Azerbaijan,3/21/2022,0-4,0,4,3490,3992,389,436
Azerbaijan,3/21/2022,5-9,5,9,6042,7096,400,460
Azerbaijan,3/21/2022,10-14,10,14,7625,8597,324,374
Azerbaijan,3/21/2022,15-19,15,19,16411,15763,296,341
Azerbaijan,3/21/2022,20-24,20,24,21459,21133,341,378
Azerbaijan,3/21/2022,25-29,25,29,28253,25879,439,451
Azerbaijan,3/21/2022,30-39,30,39,72854,70966,889,878
Azerbaijan,3/21/2022,40-49,40,49,55504,47731,657,624
Azerbaijan,3/21/2022,50-59,50,59,56856,42126,676,605
Azerbaijan,3/21/2022,60-64,60,64,25499,19349,266,231
Azerbaijan,3/21/2022,65-69,65,69,25592,21084,169,139
Azerbaijan,3/21/2022,70-74,70,74,8517,6685,87,65
Azerbaijan,3/21/2022,75-79,75,79,9358,7400,54,37
Azerbaijan,3/21/2022,80+,80,999,7684,6153,86,47
Bahamas,2/21/2022,0-4,0,4,140,147,13,14
Bahamas,2/21/2022,5-9,5,9,163,186,13,14
Bahamas,2/21/2022,10-14,10,14,347,352,16,16
Bahamas,2/21/2022,15-19,15,19,730,540,16,16
Bahamas,2/21/2022,20-24,20,24,1470,1187,17,17
Bahamas,2/21/2022,25-29,25,29,2174,1759,17,17
Bahamas,2/21/2022,30-34,30,34,2193,1763,14,14
Bahamas,2/21/2022,35-39,35,39,1805,1549,14,13
Bahamas,2/21/2022,40-44,40,44,1596,1467,14,13
Bahamas,2/21/2022,45-49,45,49,1571,1385,15,14
Bahamas,2/21/2022,50-54,50,54,1430,1401,13,12
Bahamas,2/21/2022,55-59,55,59,1288,1108,13,11
Bahamas,2/21/2022,60-64,60,64,814,827,10,8
Bahamas,2/21/2022,65-69,65,69,537,504,6,5
Bahamas,2/21/2022,70-74,70,74,332,319,4,4
Bahamas,2/21/2022,75-79,75,79,251,203,3,2
Bahamas,2/21/2022,80,80,999,329,254,3,2
Bahrain,3/7/2022,0-4,0,4,17387,17612,53,55
Bahrain,3/7/2022,5-9,5,9,21659,22995,52,59
Bahrain,3/7/2022,10-14,10,14,19709,20653,47,46
Bahrain,3/7/2022,15-19,15,19,16622,16742,40,49
Bahrain,3/7/2022,20-29,20,29,42677,51900,107,199
Bahrain,3/7/2022,30-39,30,39,49536,76591,127,380
Bahrain,3/7/2022,40-49,40,49,33085,49657,82,175
Bahrain,3/7/2022,50-59,50,59,19641,26718,54,86
Bahrain,3/7/2022,60-64,60,64,6804,7235,17,28
Bahrain,3/7/2022,65-69,65,69,3994,4475,9,13
Bahrain,3/7/2022,70-74,70,74,2098,2675,5,6
Bahrain,3/7/2022,75-79,75,79,1233,1153,3,3
Bahrain,3/7/2022,80,80,999,1428,1154,3,3
Bangladesh,7/26/2021,0-4,0,4,5843,9349,7008,7366
Bangladesh,7/26/2021,5-14,5,14,15192,16361,14549,15298
Bangladesh,7/26/2021,15-24,15,24,50251,70118,15107,15708
Bangladesh,7/26/2021,25-34,25,34,93491,191656,14252,13911
Bangladesh,7/26/2021,35-44,35,44,78299,185813,12149,11583
Bangladesh,7/26/2021,45-54,45,54,70118,130887,8748,8818
Bangladesh,7/26/2021,55-64,55,64,49083,95828,6100,6304
Bangladesh,7/26/2021,65-74,65,74,23373,53757,2457,2648
Bangladesh,7/26/2021,75-84,75,84,7012,15192,1417,1314
Bangladesh,7/26/2021,85+,85,999,2337,3506,393,301
Barbados,7/12/2021,0-4,0,4,45,53,7,8
Barbados,7/12/2021,5-9,5,9,56,77,8,8
Barbados,7/12/2021,10-14,10,14,88,72,9,9
Barbados,7/12/2021,15-19,15,19,92,117,9,10
Barbados,7/12/2021,20-24,20,24,168,190,9,10
Barbados,7/12/2021,25-29,25,29,206,209,9,9
Barbados,7/12/2021,30-34,30,34,193,203,9,9
Barbados,7/12/2021,35-39,35,39,183,193,10,9
Barbados,7/12/2021,40-44,40,44,160,167,10,9
Barbados,7/12/2021,45-49,45,49,179,176,11,10
Barbados,7/12/2021,50-54,50,54,127,167,10,9
Barbados,7/12/2021,55-59,55,59,151,142,11,9
Barbados,7/12/2021,60-64,60,64,128,110,10,9
Barbados,7/12/2021,65-69,65,69,66,73,8,7
Barbados,7/12/2021,70-74,70,74,28,43,6,5
Barbados,7/12/2021,75-79,75,79,27,22,5,4
Barbados,7/12/2021,80,80,999,51,32,8,5
Belarus,3/21/2022,0-4,0,4,9540,10247,271,277
Belarus,3/21/2022,5-9,5,9,9214,9619,289,307
Belarus,3/21/2022,10-14,10,14,9943,9771,236,249
Belarus,3/21/2022,15-19,15,19,15507,13153,216,228
Belarus,3/21/2022,20-24,20,24,22345,17767,207,219
Belarus,3/21/2022,25-29,25,29,26858,22883,319,334
Belarus,3/21/2022,30-39,30,39,73164,62188,753,778
Belarus,3/21/2022,40-49,40,49,72911,54654,663,623
Belarus,3/21/2022,50-59,50,59,78332,55822,727,619
Belarus,3/21/2022,60-64,60,64,39042,28659,380,285
Belarus,3/21/2022,65-69,65,69,30177,20207,353,226
Belarus,3/21/2022,70-74,70,74,22983,15078,170,99
Belarus,3/21/2022,75-79,75,79,11752,7113,181,75
Belarus,3/21/2022,80+,80,999,20420,10483,286,82
Belgium,6/13/2022,0-9,0,9,162340,173384,631,672
Belgium,6/13/2022,10-19,10,19,314033,311818,637,675
Belgium,6/13/2022,20-29,20,29,347391,280242,676,710
Belgium,6/13/2022,30-39,30,39,400954,314094,750,754
Belgium,6/13/2022,40-49,40,49,351598,291168,744,774
Belgium,6/13/2022,50-59,50,59,272193,246668,787,812
Belgium,6/13/2022,60-69,60,69,153630,146017,698,672
Belgium,6/13/2022,70-79,70,79,97036,88741,508,432
Belgium,6/13/2022,80-89,80,89,87260,54608,327,211
Belgium,6/13/2022,90+,90,999,41109,15089,86,34
Belize,11/30/2020,0-4,0,4,64,66,19,20
Belize,11/30/2020,5-9,5,9,97,91,19,20
Belize,11/30/2020,10-14,10,14,118,107,19,19
Belize,11/30/2020,15-19,15,19,203,202,20,20
Belize,11/30/2020,20-24,20,24,326,386,20,20
Belize,11/30/2020,25-29,25,29,415,434,18,18
Belize,11/30/2020,30-34,30,34,307,430,16,16
Belize,11/30/2020,35-39,35,39,243,318,14,13
Belize,11/30/2020,40-44,40,44,231,274,12,11
Belize,11/30/2020,45-49,45,49,211,204,11,10
Belize,11/30/2020,50-54,50,54,157,164,9,9
Belize,11/30/2020,55-59,55,59,116,153,7,7
Belize,11/30/2020,60-64,60,64,75,106,5,5
Belize,11/30/2020,65-69,65,69,43,67,4,4
Belize,11/30/2020,70-74,70,74,28,45,2,3
Belize,11/30/2020,75-79,75,79,11,24,2,2
Belize,11/30/2020,80,80,999,16,28,2,2
Bermuda,3/28/2022,0-4,0,4,146,163,,
Bermuda,3/28/2022,5-9,5,9,301,260,,
Bermuda,3/28/2022,10-14,10,14,328,353,,
Bermuda,3/28/2022,15-19,15,19,320,287,,
Bermuda,3/28/2022,20-24,20,24,485,326,,
Bermuda,3/28/2022,25-29,25,29,602,459,,
Bermuda,3/28/2022,30-34,30,34,681,512,,
Bermuda,3/28/2022,35-39,35,39,612,506,,
Bermuda,3/28/2022,40-44,40,44,570,490,,
Bermuda,3/28/2022,45-49,45,49,473,484,,
Bermuda,3/28/2022,50-54,50,54,472,456,,
Bermuda,3/28/2022,55-59,55,59,450,392,,
Bermuda,3/28/2022,60-64,60,64,405,342,,
Bermuda,3/28/2022,65-69,65,69,264,193,,
Bermuda,3/28/2022,70-74,70,74,164,140,,
Bermuda,3/28/2022,75-79,75,79,113,91,,
Bermuda,3/28/2022,80+,80,999,218,99,,
Bhutan,3/7/2022,0-4,0,4,382,410,31,32
Bhutan,3/7/2022,5-9,5,9,488,543,30,31
Bhutan,3/7/2022,10-14,10,14,611,601,33,34
Bhutan,3/7/2022,15-19,15,19,1173,1104,34,36
Bhutan,3/7/2022,20-29,20,29,2623,2991,70,83
Bhutan,3/7/2022,30-39,30,39,1704,2647,63,76
Bhutan,3/7/2022,40-49,40,49,821,1490,40,49
Bhutan,3/7/2022,50-59,50,59,403,646,28,31
Bhutan,3/7/2022,60-64,60,64,141,163,10,11
Bhutan,3/7/2022,65-69,65,69,95,124,7,8
Bhutan,3/7/2022,70-74,70,74,60,72,6,7
Bhutan,3/7/2022,75-79,75,79,38,56,4,5
Bhutan,3/7/2022,80,80,999,64,56,5,5
Bonaire,1/31/2022,0-4,0,4,49,41,,
Bonaire,1/31/2022,5-9,5,9,144,156,,
Bonaire,1/31/2022,10-14,10,14,181,211,,
Bonaire,1/31/2022,15-19,15,19,221,160,,
Bonaire,1/31/2022,20-24,20,24,269,202,,
Bonaire,1/31/2022,25-29,25,29,312,231,,
Bonaire,1/31/2022,30-34,30,34,326,247,,
Bonaire,1/31/2022,35-39,35,39,323,244,,
Bonaire,1/31/2022,40-44,40,44,282,191,,
Bonaire,1/31/2022,45-49,45,49,226,169,,
Bonaire,1/31/2022,50-54,50,54,224,202,,
Bonaire,1/31/2022,55-59,55,59,204,195,,
Bonaire,1/31/2022,60-64,60,64,152,142,,
Bonaire,1/31/2022,65-69,65,69,75,78,,
Bonaire,1/31/2022,70-74,70,74,56,48,,
Bonaire,1/31/2022,75-79,75,79,35,23,,
Bonaire,1/31/2022,80,80,999,38,40,,
"Bosnia and Herzegovina",6/13/2022,0-10,0,10,2923,3460,161,170
"Bosnia and Herzegovina",6/13/2022,11-20,11,20,8881,9056,171,179
"Bosnia and Herzegovina",6/13/2022,21-30,21,30,16193,14823,196,208
"Bosnia and Herzegovina",6/13/2022,31-40,31,40,23371,21170,228,237
"Bosnia and Herzegovina",6/13/2022,41-50,41,50,21411,21192,221,226
"Bosnia and Herzegovina",6/13/2022,51-60,51,60,21208,20623,261,245
"Bosnia and Herzegovina",6/13/2022,61-70,61,70,18001,19053,237,211
"Bosnia and Herzegovina",6/13/2022,71-80,71,80,9991,9921,133,93
"Bosnia and Herzegovina",6/13/2022,81+,81,999,5359,4708,66,39
Brazil,7/26/2021,0-4,0,4,75443,101927,7070,7405
Brazil,7/26/2021,5-9,5,9,61449,104385,7137,7465
Brazil,7/26/2021,10-14,10,14,89417,123473,7319,7623
Brazil,7/26/2021,15-19,15,19,194730,209337,7965,8253
Brazil,7/26/2021,20-24,20,24,372390,401114,8466,8686
Brazil,7/26/2021,25-29,25,29,448084,475386,8419,8534
Brazil,7/26/2021,30-34,30,34,491347,535495,8576,8572
Brazil,7/26/2021,35-39,35,39,521856,575009,8735,8594
Brazil,7/26/2021,40-44,40,44,475162,507236,7957,7705
Brazil,7/26/2021,45-49,45,49,398791,437797,7079,6722
Brazil,7/26/2021,50-54,50,54,353903,377831,6652,6171
Brazil,7/26/2021,55-59,55,59,304566,330190,6090,5508
Brazil,7/26/2021,60-64,60,64,231587,256206,5045,4423
Brazil,7/26/2021,65-69,65,69,174940,204796,4034,3394
Brazil,7/26/2021,70-74,70,74,126524,146853,2958,2351
Brazil,7/26/2021,75-79,75,79,87129,97707,2011,1481
Brazil,7/26/2021,80+,80,999,131604,128481,2610,1549
"Brunei Darussalam",3/28/2022,0-4,0,4,3250,3256,15,16
"Brunei Darussalam",3/28/2022,5-9,5,9,4095,4396,17,18
"Brunei Darussalam",3/28/2022,10-14,10,14,4457,4741,15,16
"Brunei Darussalam",3/28/2022,15-19,15,19,5309,5558,16,17
"Brunei Darussalam",3/28/2022,20-29,20,29,13330,16088,33,37
"Brunei Darussalam",3/28/2022,30-39,30,39,12027,17277,36,41
"Brunei Darussalam",3/28/2022,40-49,40,49,9397,11350,33,35
"Brunei Darussalam",3/28/2022,50-59,50,59,6241,6409,24,26
"Brunei Darussalam",3/28/2022,60-64,60,64,1886,1700,8,9
"Brunei Darussalam",3/28/2022,65-69,65,69,1249,1168,6,6
"Brunei Darussalam",3/28/2022,70-74,70,74,757,690,3,3
"Brunei Darussalam",3/28/2022,75-79,75,79,336,349,2,2
"Brunei Darussalam",3/28/2022,80+,80,999,386,356,2,2
"Burkina Faso",11/1/2021,0-4,0,4,74,74,1706,1767
"Burkina Faso",11/1/2021,5-9,5,9,58,48,1513,1567
"Burkina Faso",11/1/2021,10-14,10,14,89,70,1336,1386
"Burkina Faso",11/1/2021,15-19,15,19,209,156,1131,1176
"Burkina Faso",11/1/2021,20-29,20,29,692,983,1731,1777
"Burkina Faso",11/1/2021,30-39,30,39,798,1468,1215,1213
"Burkina Faso",11/1/2021,40-49,40,49,619,1264,814,773
"Burkina Faso",11/1/2021,50-59,50,59,385,786,526,451
"Burkina Faso",11/1/2021,60-64,60,64,126,300,181,136
"Burkina Faso",11/1/2021,65-69,65,69,86,183,132,90
"Burkina Faso",11/1/2021,70-74,70,74,80,127,89,59
"Burkina Faso",11/1/2021,75-79,75,79,54,79,53,33
"Burkina Faso",11/1/2021,80,80,999,41,57,31,17
Burundi,4/5/2022,0-5,0,5,720,709,1208,1232
Burundi,4/5/2022,5-14,5,14,1661,1440,1654,1673
Burundi,4/5/2022,15-24,15,24,3999,3826,1132,1128
Burundi,4/5/2022,25-34,25,34,4525,5075,940,922
Burundi,4/5/2022,35-44,35,44,2648,3953,563,548
Burundi,4/5/2022,45-59,45,59,1891,3040,422,371
Burundi,4/5/2022,60+,60,999,967,1154,264,221
"Cabo Verde",4/13/2022,1-4,1,4,745,684,21,21
"Cabo Verde",4/13/2022,5-14,5,14,3003,2646,51,53
"Cabo Verde",4/13/2022,15-24,15,24,4983,3831,47,48
"Cabo Verde",4/13/2022,25-34,25,34,7534,5738,50,54
"Cabo Verde",4/13/2022,35-44,35,44,5709,4804,38,43
"Cabo Verde",4/13/2022,45-54,45,54,3748,3423,26,28
"Cabo Verde",4/13/2022,55-64,55,64,2257,2212,24,19
"Cabo Verde",4/13/2022,65-74,65,74,1198,1161,10,6
"Cabo Verde",4/13/2022,75-84,75,84,631,557,6,3
"Cabo Verde",4/13/2022,85+,85,999,420,372,2,1
Cambodia,5/3/2021,0-9,0,9,367,342,1725,1797
Cambodia,5/3/2021,10-19,10,19,814,600,1513,1553
Cambodia,5/3/2021,20-29,20,29,2876,2044,1526,1576
Cambodia,5/3/2021,30-39,30,39,2678,2038,1468,1373
Cambodia,5/3/2021,40-49,40,49,1098,823,737,657
Cambodia,5/3/2021,50-59,50,59,574,393,733,618
Cambodia,5/3/2021,60-69,60,69,270,183,476,307
Cambodia,5/3/2021,70-79,70,79,110,76,202,132
Cambodia,5/3/2021,80-89,80,89,21,19,55,33
Cambodia,5/3/2021,90+,90,999,0,0,4,2
Cameroon,4/6/2020,0-4,0,4,2,1,2038,2078
Cameroon,4/6/2020,5-9,5,9,2,0,1848,1882
Cameroon,4/6/2020,10-14,10,14,2,0,1648,1673
Cameroon,4/6/2020,15-19,15,19,1,4,1420,1436
Cameroon,4/6/2020,20-24,20,24,4,10,1206,1214
Cameroon,4/6/2020,25-29,25,29,14,28,1065,1067
Cameroon,4/6/2020,30-34,30,34,25,30,930,931
Cameroon,4/6/2020,35-39,35,39,16,27,769,770
Cameroon,4/6/2020,40-44,40,44,16,22,601,602
Cameroon,4/6/2020,45-49,45,49,6,31,470,468
Cameroon,4/6/2020,50-54,50,54,13,14,368,361
Cameroon,4/6/2020,55-59,55,59,8,9,287,273
Cameroon,4/6/2020,60-64,60,64,3,17,220,201
Cameroon,4/6/2020,65-69,65,69,5,9,168,145
Cameroon,4/6/2020,70-74,70,74,0,6,116,94
Cameroon,4/6/2020,75-79,75,79,1,0,70,53
Cameroon,4/6/2020,80+,80,999,0,2,45,30
Canada,6/9/2022,0-11,0,11,188850,206481,2327,2439
Canada,6/9/2022,12-19,12,19,163783,154196,1551,1625
Canada,6/9/2022,20-29,20,29,378324,314978,2499,2598
Canada,6/9/2022,30-39,30,39,362186,289431,2641,2638
Canada,6/9/2022,40-49,40,49,315992,249185,2433,2414
Canada,6/9/2022,50-59,50,59,247511,217252,2586,2597
Canada,6/9/2022,60-69,60,69,142013,143576,2390,2323
Canada,6/9/2022,70-79,70,79,79819,81836,1583,1436
"Cayman Islands",10/11/2021,0-4,0,4,8,6,,
"Cayman Islands",10/11/2021,5-9,5,9,35,29,,
"Cayman Islands",10/11/2021,10-14,10,14,47,41,,
"Cayman Islands",10/11/2021,15-19,15,19,25,24,,
"Cayman Islands",10/11/2021,20-24,20,24,37,41,,
"Cayman Islands",10/11/2021,25-29,25,29,41,55,,
"Cayman Islands",10/11/2021,30-34,30,34,60,44,,
"Cayman Islands",10/11/2021,35-39,35,39,53,56,,
"Cayman Islands",10/11/2021,40-44,40,44,35,50,,
"Cayman Islands",10/11/2021,45-49,45,49,36,50,,
"Cayman Islands",10/11/2021,50-54,50,54,35,37,,
"Cayman Islands",10/11/2021,55-59,55,59,22,27,,
"Cayman Islands",10/11/2021,60-64,60,64,20,21,,
"Cayman Islands",10/11/2021,65-69,65,69,13,18,,
"Cayman Islands",10/11/2021,70-74,70,74,6,2,,
"Cayman Islands",10/11/2021,75-79,75,79,2,4,,
"Cayman Islands",10/11/2021,80,80,999,3,2,,
"Central African Republic",5/16/2021,0-9,0,9,67,85,708,718
"Central African Republic",5/16/2021,10-19,10,19,178,220,617,621
"Central African Republic",5/16/2021,20-29,20,29,415,871,404,405
"Central African Republic",5/16/2021,30-39,30,39,672,1500,247,247
"Central African Republic",5/16/2021,40-49,40,49,442,1067,171,165
"Central African Republic",5/16/2021,50-59,50,59,234,563,120,108
"Central African Republic",5/16/2021,60+,60,999,219,314,125,88
Chad,4/1/2022,0-4,0,4,6,3,1455,1476
Chad,4/1/2022,5-14,5,14,36,28,2346,2360
Chad,4/1/2022,15-24,15,24,176,284,1692,1699
Chad,4/1/2022,25-34,25,34,271,717,1117,1119
Chad,4/1/2022,35-44,35,44,244,743,693,697
Chad,4/1/2022,45-59,45,59,220,710,574,554
Chad,4/1/2022,60+,60,999,132,360,349,297
Chile,6/20/2022,0-4,0,4,57503,64041,570,592
Chile,6/20/2022,5-9,5,9,70758,76340,622,644
Chile,6/20/2022,10-14,10,14,102044,102755,614,636
Chile,6/20/2022,15-19,15,19,133516,114586,612,632
Chile,6/20/2022,20-24,20,24,199709,172619,691,712
Chile,6/20/2022,25-29,25,29,249409,224547,784,809
Chile,6/20/2022,30-34,30,34,247892,230456,761,785
Chile,6/20/2022,35-39,35,39,201110,188306,693,707
Chile,6/20/2022,40-44,40,44,173557,158398,661,663
Chile,6/20/2022,45-49,45,49,161724,144739,633,621
Chile,6/20/2022,50-54,50,54,145791,129447,619,595
Chile,6/20/2022,55-59,55,59,137706,124050,587,550
Chile,6/20/2022,60-64,60,64,105779,97543,515,467
Chile,6/20/2022,65-69,65,69,73093,66530,433,377
Chile,6/20/2022,70-74,70,74,51407,45942,318,263
Chile,6/20/2022,75-79,75,79,37324,32009,236,176
Chile,6/20/2022,80+,80,999,55958,37187,343,195
China,1/31/2022,0-4,0,4,228,233,39476,44456
China,1/31/2022,5-9,5,9,259,303,40415,46320
China,1/31/2022,10-14,10,14,274,295,38913,45350
China,1/31/2022,15-19,15,19,479,724,38239,44103
China,1/31/2022,20-29,20,29,1672,2751,87350,97797
China,1/31/2022,30-39,30,39,1883,3556,111042,117789
China,1/31/2022,40-49,40,49,1435,2742,105649,110463
China,1/31/2022,50-59,50,59,1552,2097,109880,112306
China,1/31/2022,60-64,60,64,450,409,38597,38917
China,1/31/2022,65-69,65,69,424,360,37623,36527
China,1/31/2022,70-74,70,74,278,218,23525,21425
China,1/31/2022,75-79,75,79,163,132,14337,12207
China,1/31/2022,80+,80,999,167,107,16031,10587
Colombia,6/13/2022,0-9,0,9,106414,114752,3622,3793
Colombia,6/13/2022,10-19,10,19,234657,217121,3974,4146
Colombia,6/13/2022,20-29,20,29,697995,585284,4365,4482
Colombia,6/13/2022,30-39,30,39,719303,647402,3928,3882
Colombia,6/13/2022,40-49,40,49,549497,484139,3381,3070
Colombia,6/13/2022,50-59,50,59,449160,378140,2933,2611
Colombia,6/13/2022,60-69,60,69,281138,240726,2043,1729
Colombia,6/13/2022,70-79,70,79,136178,124485,1096,884
Colombia,6/13/2022,80-89,80,89,65850,57195,464,330
Colombia,6/13/2022,90+,90,999,16441,11970,93,58
"Costa Rica",5/2/2022,0-4,0,4,10778,12585,170,178
"Costa Rica",5/2/2022,5-9,5,9,11753,12909,175,183
"Costa Rica",5/2/2022,10-14,10,14,12184,12494,174,182
"Costa Rica",5/2/2022,15-19,15,19,19572,16722,178,186
"Costa Rica",5/2/2022,20-29,20,29,83795,77353,405,420
"Costa Rica",5/2/2022,30-39,30,39,91348,84386,409,417
"Costa Rica",5/2/2022,40-49,40,49,64604,61038,327,323
"Costa Rica",5/2/2022,50-59,50,59,45966,44414,307,296
"Costa Rica",5/2/2022,60-64,60,64,13299,12662,125,119
"Costa Rica",5/2/2022,65-69,65,69,8543,8114,93,86
"Costa Rica",5/2/2022,70-74,70,74,5542,5656,73,66
"Costa Rica",5/2/2022,75-79,75,79,3805,4075,50,43
"Costa Rica",5/2/2022,80,80,999,5696,5576,65,48
"Cote d'Ivoire",12/13/2021,0-4,0,4,155,155,2053,2078
"Cote d'Ivoire",12/13/2021,5-9,5,9,420,510,1801,1818
"Cote d'Ivoire",12/13/2021,10-14,10,14,936,911,1594,1605
"Cote d'Ivoire",12/13/2021,15-19,15,19,1621,1450,1452,1453
"Cote d'Ivoire",12/13/2021,20-29,20,29,6025,5887,2340,2321
"Cote d'Ivoire",12/13/2021,30-39,30,39,7561,9226,1589,1583
"Cote d'Ivoire",12/13/2021,40-49,40,49,5293,8383,1036,1082
"Cote d'Ivoire",12/13/2021,50-59,50,59,2801,4879,631,706
"Cote d'Ivoire",12/13/2021,60-64,60,64,930,1253,221,253
"Cote d'Ivoire",12/13/2021,65-69,65,69,618,815,162,185
"Cote d'Ivoire",12/13/2021,70-74,70,74,301,410,99,115
"Cote d'Ivoire",12/13/2021,75-79,75,79,153,203,61,66
"Cote d'Ivoire",12/13/2021,80,80,999,138,142,37,34
Croatia,6/14/2022,1-10,1,10,29821,32256,190,202
Croatia,6/14/2022,11-20,11,20,64480,64188,200,211
Croatia,6/14/2022,21-30,21,30,76304,64707,233,244
Croatia,6/14/2022,31-40,31,40,97298,80425,269,278
Croatia,6/14/2022,41-50,41,50,97817,81801,275,279
Croatia,6/14/2022,51-60,51,60,78965,64482,300,285
Croatia,6/14/2022,61-70,61,70,57262,51046,294,260
Croatia,6/14/2022,71-80,71,80,29583,25561,205,139
Croatia,6/14/2022,81-90,81,90,17888,11398,126,58
Croatia,6/14/2022,91+,91,999,3901,1444,17,5
Cuba,12/21/2020,0-4,0,4,123,137,278,294
Cuba,12/21/2020,5-9,5,9,129,135,305,323
Cuba,12/21/2020,10-14,10,14,146,133,293,310
Cuba,12/21/2020,15-19,15,19,243,253,312,331
Cuba,12/21/2020,20-24,20,24,411,405,341,360
Cuba,12/21/2020,25-29,25,29,415,517,347,372
Cuba,12/21/2020,30-34,30,34,446,552,408,423
Cuba,12/21/2020,35-39,35,39,392,493,340,352
Cuba,12/21/2020,40-44,40,44,323,455,305,313
Cuba,12/21/2020,45-49,45,49,479,532,470,474
Cuba,12/21/2020,50-54,50,54,501,553,509,489
Cuba,12/21/2020,55-59,55,59,472,511,498,470
Cuba,12/21/2020,60-64,60,64,245,293,315,292
Cuba,12/21/2020,65-69,65,69,179,201,301,266
Cuba,12/21/2020,70-74,70,74,155,134,239,210
Cuba,12/21/2020,75-79,75,79,111,122,193,162
Cuba,12/21/2020,80+,80,999,154,138,248,181
Curaçao,2/28/2022,0-4,0,4,122,117,4,5
Curaçao,2/28/2022,5-9,5,9,451,462,5,5
Curaçao,2/28/2022,10-14,10,14,843,895,5,5
Curaçao,2/28/2022,15-19,15,19,1358,1156,5,6
Curaçao,2/28/2022,20-24,20,24,1730,1379,5,5
Curaçao,2/28/2022,25-29,25,29,2185,1525,5,5
Curaçao,2/28/2022,30-34,30,34,2394,1629,5,4
Curaçao,2/28/2022,35-39,35,39,2330,1561,5,4
Curaçao,2/28/2022,40-44,40,44,1963,1337,5,4
Curaçao,2/28/2022,45-49,45,49,1955,1426,6,5
Curaçao,2/28/2022,50-54,50,54,1937,1366,7,5
Curaçao,2/28/2022,55-59,55,59,1675,1334,7,6
Curaçao,2/28/2022,60-64,60,64,1290,941,6,5
Curaçao,2/28/2022,65-69,65,69,812,600,5,4
Curaçao,2/28/2022,70-74,70,74,520,438,4,3
Curaçao,2/28/2022,75-79,75,79,353,277,3,2
Curaçao,2/28/2022,80+,80,999,491,300,4,2
Cyprus,3/21/2022,0-4,0,4,6412,6919,31,33
Cyprus,3/21/2022,5-9,5,9,13136,13876,33,35
Cyprus,3/21/2022,10-14,10,14,15364,16274,33,35
Cyprus,3/21/2022,15-19,15,19,15439,16563,35,38
Cyprus,3/21/2022,20-24,20,24,15546,15859,44,50
Cyprus,3/21/2022,25-29,25,29,19053,19497,46,52
Cyprus,3/21/2022,30-39,30,39,38615,34717,93,95
Cyprus,3/21/2022,40-49,40,49,31034,24837,85,81
Cyprus,3/21/2022,50-59,50,59,20391,17071,74,73
Cyprus,3/21/2022,60-64,60,64,7425,6932,33,31
Cyprus,3/21/2022,65-69,65,69,4651,4616,28,27
Cyprus,3/21/2022,70-74,70,74,3432,3329,24,22
Cyprus,3/21/2022,75-79,75,79,2233,2088,18,15
Cyprus,3/21/2022,80+,80,999,2934,2221,24,16
"Czech Republic",3/21/2022,0-4,0,4,49733,52114,272,287
"Czech Republic",3/21/2022,5-9,5,9,114667,122251,270,285
"Czech Republic",3/21/2022,10-14,10,14,152852,160405,279,294
"Czech Republic",3/21/2022,15-19,15,19,128842,128978,238,250
"Czech Republic",3/21/2022,20-24,20,24,104884,102611,230,241
"Czech Republic",3/21/2022,25-29,25,29,130063,128361,310,324
"Czech Republic",3/21/2022,30-39,30,39,328335,306102,718,760
"Czech Republic",3/21/2022,40-49,40,49,414459,365181,877,922
"Czech Republic",3/21/2022,50-59,50,59,279948,251005,669,682
"Czech Republic",3/21/2022,60-64,60,64,90050,89302,331,313
"Czech Republic",3/21/2022,65-69,65,69,75506,72097,364,317
"Czech Republic",3/21/2022,70-74,70,74,65026,57598,342,271
"Czech Republic",3/21/2022,75-79,75,79,48674,38727,246,173
"Czech Republic",3/21/2022,80+,80,999,68892,38594,292,153
DRC,6/14/2021,0-4,0,4,103,103,7836,7992
DRC,6/14/2021,5-9,5,9,186,218,6771,6888
DRC,6/14/2021,10-14,10,14,329,328,5722,5806
DRC,6/14/2021,15-19,15,19,582,526,4712,4761
DRC,6/14/2021,20-29,20,29,2405,3175,7084,7085
DRC,6/14/2021,30-39,30,39,2880,5449,4907,4856
DRC,6/14/2021,40-49,40,49,2361,5395,3341,3264
DRC,6/14/2021,50-59,50,59,1732,3794,2227,2120
DRC,6/14/2021,60-64,60,64,727,1417,774,712
DRC,6/14/2021,65-69,65,69,440,832,581,518
DRC,6/14/2021,70-74,70,74,296,540,429,360
DRC,6/14/2021,75-79,75,79,149,242,269,211
DRC,6/14/2021,80,80,999,165,236,198,137
Denmark,6/15/2022,0-9,0,9,166648,176642,295,311
Denmark,6/15/2022,10-19,10,19,261536,259226,330,346
Denmark,6/15/2022,20-29,20,29,257512,229359,379,397
Denmark,6/15/2022,30-39,30,39,248941,217437,332,340
Denmark,6/15/2022,40-49,40,49,247116,212601,370,368
Denmark,6/15/2022,50-59,50,59,209592,188237,403,407
Denmark,6/15/2022,60-69,60,69,131175,120082,334,320
Denmark,6/15/2022,70-79,70,79,78571,77231,305,281
Denmark,6/15/2022,80-89,80,89,28675,25521,131,94
Denmark,6/15/2022,90+,90,999,8290,3739,34,14
"Dominican Republic",2/7/2022,0-4,0,4,5473,5574,491,512
"Dominican Republic",2/7/2022,5-9,5,9,6612,6760,488,508
"Dominican Republic",2/7/2022,10-14,10,14,8246,8056,479,498
"Dominican Republic",2/7/2022,15-19,15,19,12169,10028,470,489
"Dominican Republic",2/7/2022,20-24,20,24,25298,19138,462,477
"Dominican Republic",2/7/2022,25-29,25,29,35152,26761,456,458
"Dominican Republic",2/7/2022,30-34,30,34,35174,27258,416,410
"Dominican Republic",2/7/2022,35-39,35,39,30777,24757,366,372
"Dominican Republic",2/7/2022,40-44,40,44,28220,23148,337,332
"Dominican Republic",2/7/2022,45-49,45,49,24647,19739,308,299
"Dominican Republic",2/7/2022,50-54,50,54,23200,18337,277,264
"Dominican Republic",2/7/2022,55-59,55,59,19513,15974,243,230
"Dominican Republic",2/7/2022,60-64,60,64,14744,12443,200,189
"Dominican Republic",2/7/2022,65-69,65,69,10877,9675,152,141
"Dominican Republic",2/7/2022,70-74,70,74,7412,6848,108,96
"Dominican Republic",2/7/2022,75-79,75,79,4565,4351,74,64
"Dominican Republic",2/7/2022,80+,80,999,6506,5403,102,80
Ecuador,3/14/2022,0-4,0,4,4121,4644,815,852
Ecuador,3/14/2022,5-9,5,9,6552,7033,788,823
Ecuador,3/14/2022,10-14,10,14,10818,10664,761,794
Ecuador,3/14/2022,15-19,15,19,22055,19414,766,795
Ecuador,3/14/2022,20-24,20,24,39864,35147,771,796
Ecuador,3/14/2022,25-29,25,29,62743,57188,728,742
Ecuador,3/14/2022,30-34,30,34,65034,61745,679,684
Ecuador,3/14/2022,35-39,35,39,58841,59343,615,614
Ecuador,3/14/2022,40-44,40,44,47546,48626,554,545
Ecuador,3/14/2022,45-49,45,49,40365,39856,502,487
Ecuador,3/14/2022,50-54,50,54,34503,32752,440,424
Ecuador,3/14/2022,55-59,55,59,31814,30405,372,355
Ecuador,3/14/2022,60-64,60,64,23639,23799,310,291
Ecuador,3/14/2022,65-69,65,69,17431,18188,253,233
Ecuador,3/14/2022,70-74,70,74,11886,13187,173,155
Ecuador,3/14/2022,75-79,75,79,8760,9724,130,112
Ecuador,3/14/2022,80+,80,999,12582,12868,163,120
England,6/15/2022,0-4,0,4,213136,222660,1577,1662
England,6/15/2022,5-9,5,9,556236,572841,1725,1814
England,6/15/2022,10-14,10,14,791559,797409,1674,1762
England,6/15/2022,15-19,15,19,731514,618933,1514,1601
England,6/15/2022,20-24,20,24,836671,661501,1681,1792
England,6/15/2022,25-29,25,29,911238,729384,1847,1924
England,6/15/2022,30-34,30,34,941450,741170,1908,1916
England,6/15/2022,35-39,35,39,905695,691898,1885,1853
England,6/15/2022,40-44,40,44,855744,659864,1746,1730
England,6/15/2022,45-49,45,49,751539,598793,1835,1803
England,6/15/2022,50-54,50,54,709552,574707,1964,1911
England,6/15/2022,55-59,55,59,595025,498853,1909,1853
England,6/15/2022,60-64,60,64,423656,376771,1628,1568
England,6/15/2022,65-69,65,69,266200,258672,1437,1348
England,6/15/2022,70-74,70,74,211084,216156,1470,1344
England,6/15/2022,75-79,75,79,151927,157651,1076,934
England,6/15/2022,80-84,80,84,114279,104022,809,640
England,6/15/2022,85-89,85,89,99557,71579,529,356
England,6/15/2022,90+,90,999,102680,46079,352,170
"Equatorial Guinea",7/17/2021,0-4,0,4,68,83,99,99
"Equatorial Guinea",7/17/2021,5-14,5,14,316,316,156,155
"Equatorial Guinea",7/17/2021,15-45,15,45,2172,2962,297,421
"Equatorial Guinea",7/17/2021,46-60,46,60,659,1195,46,55
"Equatorial Guinea",7/17/2021,61-80,61,80,241,295,17,16
"Equatorial Guinea",7/17/2021,81+,81,999,18,17,2,1
Estonia,6/5/2022,0-4,0,4,5709,6104,33,36
Estonia,6/5/2022,5-9,5,9,15616,16414,36,38
Estonia,6/5/2022,10-14,10,14,23026,24210,36,39
Estonia,6/5/2022,15-19,15,19,20553,20059,30,32
Estonia,6/5/2022,20-24,20,24,17067,16656,28,30
Estonia,6/5/2022,25-29,25,29,20365,18526,41,46
Estonia,6/5/2022,30-34,30,34,29339,26318,48,54
Estonia,6/5/2022,35-39,35,39,30723,26201,45,48
Estonia,6/5/2022,40-44,40,44,27757,23201,43,46
Estonia,6/5/2022,45-49,45,49,24907,20296,47,49
Estonia,6/5/2022,50-54,50,54,21246,16524,39,37
Estonia,6/5/2022,55-59,55,59,19133,13812,47,42
Estonia,6/5/2022,60-64,60,64,17843,12112,47,39
Estonia,6/5/2022,65-69,65,69,12671,8482,49,34
Estonia,6/5/2022,70-74,70,74,8849,5667,33,21
Estonia,6/5/2022,75-79,75,79,5097,2940,36,18
Estonia,6/5/2022,80-84,80,84,5889,2581,31,12
Estonia,6/5/2022,85+,85,999,6779,1990,27,8
Eswatini,10/18/2021,0-4,0,4,325,325,71,73
Eswatini,10/18/2021,5-9,5,9,472,452,71,72
Eswatini,10/18/2021,10-14,10,14,906,767,74,74
Eswatini,10/18/2021,15-19,15,19,2018,1468,64,65
Eswatini,10/18/2021,20-29,20,29,5237,4005,102,111
Eswatini,10/18/2021,30-39,30,39,6396,5445,89,72
Eswatini,10/18/2021,40-49,40,49,4185,4187,56,48
Eswatini,10/18/2021,50-59,50,59,2762,2543,23,29
Eswatini,10/18/2021,60-64,60,64,960,754,10,10
Eswatini,10/18/2021,65-69,65,69,600,482,9,7
Eswatini,10/18/2021,70-74,70,74,444,397,8,5
Eswatini,10/18/2021,75-79,75,79,312,229,6,3
Eswatini,10/18/2021,80,80,999,406,244,6,2
Finland,6/8/2022,0-10,0,10,40957,44730,308,323
Finland,6/8/2022,11-20,11,20,69328,71540,295,309
Finland,6/8/2022,21-30,21,30,108425,98659,333,350
Finland,6/8/2022,31-40,31,40,121887,105737,343,364
Finland,6/8/2022,41-50,41,50,105768,88985,321,334
Finland,6/8/2022,51-60,51,60,74877,62864,364,362
Finland,6/8/2022,61-70,61,70,33799,29404,370,344
Finland,6/8/2022,71-80,71,80,14926,14769,297,248
Finland,6/8/2022,81+,81,999,17726,10190,177,98
France,3/21/2022,0-4,0,4,338488,357860,1770,1850
France,3/21/2022,5-9,5,9,910588,934516,1912,1996
France,3/21/2022,10-14,10,14,1096549,1135297,1951,2045
France,3/21/2022,15-19,15,19,1111158,1031733,1902,1986
France,3/21/2022,20-24,20,24,1078600,915385,1828,1869
France,3/21/2022,25-29,25,29,1087786,921486,1852,1822
France,3/21/2022,30-39,30,39,2418104,1916163,4084,3927
France,3/21/2022,40-49,40,49,2070004,1714962,4213,4113
France,3/21/2022,50-59,50,59,1479152,1279656,4409,4226
France,3/21/2022,60-64,60,64,513133,441332,2070,1903
France,3/21/2022,65-69,65,69,404333,338872,2006,1786
France,3/21/2022,70-74,70,74,329264,290140,1896,1627
France,3/21/2022,75-79,75,79,211538,181526,1222,982
France,3/21/2022,80+,80,999,543376,297346,2569,1458
Gambia,4/3/2022,0-20,0,20,680,706,678,689
Gambia,4/3/2022,21-30,21,30,1306,1437,211,206
Gambia,4/3/2022,31-40,31,40,1057,1711,139,130
Gambia,4/3/2022,41-50,41,50,707,1284,87,79
Gambia,4/3/2022,51-60,51,60,580,934,58,52
Gambia,4/3/2022,61-70,61,70,348,560,28,28
Gambia,4/3/2022,71+,71,999,228,308,16,15
Georgia,3/14/2022,0-4,0,4,26125,28119,130,138
Georgia,3/14/2022,5-9,5,9,29736,31542,137,148
Georgia,3/14/2022,10-14,10,14,37157,39808,120,133
Georgia,3/14/2022,15-19,15,19,35438,33841,102,115
Georgia,3/14/2022,20-24,20,24,44869,37586,110,123
Georgia,3/14/2022,25-29,25,29,56289,45907,132,135
Georgia,3/14/2022,30-39,30,39,129390,102782,285,280
Georgia,3/14/2022,40-49,40,49,106501,81766,267,251
Georgia,3/14/2022,50-59,50,59,97467,67916,282,242
Georgia,3/14/2022,60-64,60,64,49159,31637,140,110
Georgia,3/14/2022,65-69,65,69,39508,25323,123,87
Georgia,3/14/2022,70-74,70,74,30166,19192,92,58
Georgia,3/14/2022,75-79,75,79,14752,8810,64,35
Georgia,3/14/2022,80+,80,999,25136,13396,104,45
Germany,6/15/2022,0-4,0,4,421976,448104,1976,2082
Germany,6/15/2022,5-14,5,14,1855672,1991567,3684,3950
Germany,6/15/2022,15-34,15,34,4228543,3987220,9061,9877
Germany,6/15/2022,35-59,35,59,5253032,4714931,14482,14680
Germany,6/15/2022,60-79,60,79,1507938,1454065,9547,8569
Germany,6/15/2022,80+,80,999,595365,354287,3618,2258
Greece,6/12/2022,0-17,0,17,398707,422435,844,897
Greece,6/12/2022,18-39,18,39,604218,569699,1262,1341
Greece,6/12/2022,40-64,40,64,656911,587918,1907,1849
Greece,6/12/2022,65+,65,999,205760,191954,1294,1028
Guatemala,6/14/2022,0-9,0,9,15901,16765,1980,2068
Guatemala,6/14/2022,10-19,10,19,42444,36809,1896,1975
Guatemala,6/14/2022,20-29,20,29,116773,111875,1693,1720
Guatemala,6/14/2022,30-39,30,39,103514,100582,1298,1234
Guatemala,6/14/2022,40-49,40,49,71020,67518,916,786
Guatemala,6/14/2022,50-59,50,59,47558,43546,585,468
Guatemala,6/14/2022,60-69,60,69,29936,28737,398,321
Guatemala,6/14/2022,70-79,70,79,13642,14025,212,171
Guinea,3/8/2021,0-4,0,4,97,97,1043,1057
Guinea,3/8/2021,5-9,5,9,163,152,927,939
Guinea,3/8/2021,10-14,10,14,268,177,838,850
Guinea,3/8/2021,15-19,15,19,422,434,748,763
Guinea,3/8/2021,20-29,20,29,1715,2589,1176,1190
Guinea,3/8/2021,30-39,30,39,1204,3309,781,690
Guinea,3/8/2021,40-49,40,49,642,2015,517,382
Guinea,3/8/2021,50-59,50,59,526,1243,367,247
Guinea,3/8/2021,60-64,60,64,277,479,142,88
Guinea,3/8/2021,65-69,65,69,181,355,111,67
Guinea,3/8/2021,70-74,70,74,85,203,66,39
Guinea,3/8/2021,75-79,75,79,54,111,40,25
Guinea,3/8/2021,80,80,999,62,96,24,15
Guinea-Bissau,4/11/2022,0-1,0,1,18,28,62,63
Guinea-Bissau,4/11/2022,1-4,1,4,47,39,120,122
Guinea-Bissau,4/11/2022,5-14,5,14,217,179,259,261
Guinea-Bissau,4/11/2022,15-24,15,24,645,417,195,193
Guinea-Bissau,4/11/2022,25-34,25,34,937,1160,154,146
Guinea-Bissau,4/11/2022,35-44,35,44,664,1051,107,97
Guinea-Bissau,4/11/2022,45-54,45,54,427,748,63,57
Guinea-Bissau,4/11/2022,55-64,55,64,338,513,46,37
Guinea-Bissau,4/11/2022,65+,65,999,196,283,35,22
Honduras,1/24/2022,0-4,0,4,2927,3132,497,520
Honduras,1/24/2022,5-9,5,9,4274,4273,484,505
Honduras,1/24/2022,10-14,10,14,5949,5148,502,522
Honduras,1/24/2022,15-19,15,19,10401,8034,510,531
Honduras,1/24/2022,20-24,20,24,17035,13432,499,516
Honduras,1/24/2022,25-29,25,29,19652,15093,440,451
Honduras,1/24/2022,30-34,30,34,18933,14274,389,394
Honduras,1/24/2022,35-39,35,39,15869,11886,345,342
Honduras,1/24/2022,40-44,40,44,14640,10261,295,285
Honduras,1/24/2022,45-49,45,49,11734,8369,241,226
Honduras,1/24/2022,50-54,50,54,9928,7460,199,182
Honduras,1/24/2022,55-59,55,59,8580,6520,158,141
Honduras,1/24/2022,60-64,60,64,6275,5084,126,111
Honduras,1/24/2022,65-69,65,69,4447,3886,98,85
Honduras,1/24/2022,70-74,70,74,3096,2694,66,56
Honduras,1/24/2022,75-79,75,79,1862,1701,46,37
Honduras,1/24/2022,80,80,999,1913,1782,61,43
"Hong Kong",2/6/2022,0-9,0,9,337,410,315,349
"Hong Kong",2/6/2022,10-19,10,19,466,569,264,289
"Hong Kong",2/6/2022,20-29,20,29,1154,1196,451,416
"Hong Kong",2/6/2022,30-39,30,39,1608,1249,663,459
"Hong Kong",2/6/2022,40-49,40,49,1445,1172,670,459
"Hong Kong",2/6/2022,50-59,50,59,1273,1069,668,540
"Hong Kong",2/6/2022,60-69,60,69,1029,1044,533,516
"Hong Kong",2/6/2022,70-79,70,79,454,514,268,257
"Hong Kong",2/6/2022,80+,80,999,245,193,225,154
Hungary,3/21/2022,0-4,0,4,15449,17529,224,237
Hungary,3/21/2022,5-9,5,9,26269,28618,218,229
Hungary,3/21/2022,10-14,10,14,38368,41319,236,248
Hungary,3/21/2022,15-19,15,19,45616,42974,236,250
Hungary,3/21/2022,20-24,20,24,50568,44987,252,266
Hungary,3/21/2022,25-29,25,29,65080,59271,310,324
Hungary,3/21/2022,30-39,30,39,145297,130340,619,638
Hungary,3/21/2022,40-49,40,49,194010,160257,790,798
Hungary,3/21/2022,50-59,50,59,140831,110589,620,582
Hungary,3/21/2022,60-64,60,64,48160,42422,349,288
Hungary,3/21/2022,65-69,65,69,41411,33648,381,289
Hungary,3/21/2022,70-74,70,74,31547,23350,285,191
Hungary,3/21/2022,75-79,75,79,24701,16090,236,135
Hungary,3/21/2022,80+,80,999,41849,17423,307,125
Iceland,3/21/2022,0-4,0,4,4519,4838,10,10
Iceland,3/21/2022,5-9,5,9,6622,6756,11,11
Iceland,3/21/2022,10-14,10,14,8279,8528,11,12
Iceland,3/21/2022,15-19,15,19,7133,6267,11,11
Iceland,3/21/2022,20-24,20,24,8063,6900,11,11
Iceland,3/21/2022,25-29,25,29,8545,7678,12,13
Iceland,3/21/2022,30-39,30,39,16488,14473,23,24
Iceland,3/21/2022,40-49,40,49,14199,12215,21,22
Iceland,3/21/2022,50-59,50,59,10289,8955,21,21
Iceland,3/21/2022,60-64,60,64,4061,3638,10,10
Iceland,3/21/2022,65-69,65,69,2688,2599,9,9
Iceland,3/21/2022,70-74,70,74,1738,1826,7,7
Iceland,3/21/2022,75-79,75,79,980,1004,5,4
Iceland,3/21/2022,80+,80,999,1323,1072,7,5
Indonesia,3/28/2022,0-4,0,4,56586,63538,11566,12093
Indonesia,3/28/2022,5-9,5,9,63116,67922,11887,12411
Indonesia,3/28/2022,10-14,10,14,93091,94762,11175,11810
Indonesia,3/28/2022,15-19,15,19,152961,127779,11310,12008
Indonesia,3/28/2022,20-29,20,29,589542,482330,21306,22266
Indonesia,3/28/2022,30-39,30,39,490161,497213,20621,20545
Indonesia,3/28/2022,40-49,40,49,394678,394732,18784,19063
Indonesia,3/28/2022,50-59,50,59,341221,327845,14607,14548
Indonesia,3/28/2022,60-64,60,64,106820,108296,5245,5149
Indonesia,3/28/2022,65-69,65,69,69786,77049,3576,3560
Indonesia,3/28/2022,70-74,70,74,39293,44153,2525,2092
Indonesia,3/28/2022,75-79,75,79,22408,25191,1685,1272
Indonesia,3/28/2022,80+,80,999,17964,17931,1519,900
Iraq,11/15/2021,0-4,0,4,977,1178,2612,2768
Iraq,11/15/2021,5-9,5,9,1932,2328,2542,2687
Iraq,11/15/2021,10-14,10,14,4695,4898,2218,2341
Iraq,11/15/2021,15-19,15,19,9912,10394,2023,2129
Iraq,11/15/2021,20-24,20,24,17900,21267,1858,1941
Iraq,11/15/2021,25-29,25,29,23058,33611,1647,1719
Iraq,11/15/2021,30-34,30,34,22033,39573,1435,1493
Iraq,11/15/2021,35-39,35,39,18678,35645,1214,1262
Iraq,11/15/2021,40-44,40,44,17380,32705,1061,1089
Iraq,11/15/2021,45-49,45,49,15813,25639,896,890
Iraq,11/15/2021,50-54,50,54,16615,24115,731,684
Iraq,11/15/2021,55-59,55,59,11185,15828,496,430
Iraq,11/15/2021,60-64,60,64,9131,11717,363,306
Iraq,11/15/2021,65-69,65,69,5808,7832,340,283
Iraq,11/15/2021,70-74,70,74,4695,5976,178,154
Iraq,11/15/2021,75-79,75,79,2283,2957,135,107
Iraq,11/15/2021,80,80,999,2503,2804,114,74
"Isle of Man",12/13/2021,0-4,0,4,129,145,,
"Isle of Man",12/13/2021,5-9,5,9,437,418,,
"Isle of Man",12/13/2021,10-14,10,14,933,906,,
"Isle of Man",12/13/2021,15-19,15,19,639,663,,
"Isle of Man",12/13/2021,20-24,20,24,387,465,,
"Isle of Man",12/13/2021,25-29,25,29,336,364,,
"Isle of Man",12/13/2021,30-34,30,34,396,377,,
"Isle of Man",12/13/2021,35-39,35,39,438,370,,
"Isle of Man",12/13/2021,40-44,40,44,426,394,,
"Isle of Man",12/13/2021,45-49,45,49,420,352,,
"Isle of Man",12/13/2021,50-54,50,54,353,367,,
"Isle of Man",12/13/2021,55-59,55,59,287,304,,
"Isle of Man",12/13/2021,60-64,60,64,226,230,,
"Isle of Man",12/13/2021,65-69,65,69,170,206,,
"Isle of Man",12/13/2021,70+,70,999,313,326,,
Israel,6/17/2022,0-9,0,9,345463,421413,814,857
Israel,6/17/2022,10-19,10,19,411959,422637,684,722
Israel,6/17/2022,20-29,20,29,355175,248874,584,613
Israel,6/17/2022,30-39,30,39,355755,244383,558,564
Israel,6/17/2022,40-49,40,49,315830,219784,524,516
Israel,6/17/2022,50-59,50,59,212847,149608,406,389
Israel,6/17/2022,60-69,60,69,144149,107772,372,332
Israel,6/17/2022,70-79,70,79,77699,64483,248,212
Israel,6/17/2022,80-89,80,89,33922,24530,124,85
Israel,6/17/2022,90+,90,999,10355,5319,34,19
Italy,6/14/2022,0-9,0,9,803903,861555,2423,2572
Italy,6/14/2022,10-19,10,19,1146824,1152232,2779,2955
Italy,6/14/2022,20-29,20,29,1105391,1027390,2952,3152
Italy,6/14/2022,30-39,30,39,1322664,1106337,3471,3527
Italy,6/14/2022,40-49,40,49,1592483,1319705,4529,4493
Italy,6/14/2022,50-59,50,59,1439844,1263649,4872,4695
Italy,6/14/2022,60-69,60,69,863580,792749,3902,3583
Italy,6/14/2022,70-79,70,79,578057,544344,3260,2769
Italy,6/14/2022,80-89,80,89,401793,293668,2237,1462
Italy,6/14/2022,90+,90,999,150401,54934,600,229
Jamaica,2/28/2022,0-4,0,4,1686,1776,113,118
Jamaica,2/28/2022,5-9,5,9,1767,1749,115,119
Jamaica,2/28/2022,10-14,10,14,2103,2065,112,115
Jamaica,2/28/2022,15-19,15,19,3281,2343,117,122
Jamaica,2/28/2022,20-24,20,24,6430,4085,128,133
Jamaica,2/28/2022,25-29,25,29,9133,5458,125,129
Jamaica,2/28/2022,30-34,30,34,7764,4921,115,117
Jamaica,2/28/2022,35-39,35,39,6837,4263,108,103
Jamaica,2/28/2022,40-44,40,44,5633,3753,95,84
Jamaica,2/28/2022,45-49,45,49,5467,3775,94,85
Jamaica,2/28/2022,50-54,50,54,5310,3657,89,82
Jamaica,2/28/2022,55-59,55,59,4780,3659,76,73
Jamaica,2/28/2022,60-64,60,64,3715,3148,66,58
Jamaica,2/28/2022,65-69,65,69,2568,2525,46,44
Jamaica,2/28/2022,70-74,70,74,1980,2183,36,35
Jamaica,2/28/2022,75-79,75,79,1562,1723,25,23
Jamaica,2/28/2022,80+,80,999,2732,2473,31,28
Japan,6/15/2022,0-9,0,9,593358,651728,4953,5227
Japan,6/15/2022,10-19,10,19,570146,710208,5483,5784
Japan,6/15/2022,20-29,20,29,756707,793059,5920,6227
Japan,6/15/2022,30-39,30,39,696798,682339,7062,7394
Japan,6/15/2022,40-49,40,49,665666,646844,9077,9396
Japan,6/15/2022,50-59,50,59,408073,417268,8212,8329
Japan,6/15/2022,60-69,60,69,216356,222155,8046,7829
Japan,6/15/2022,70-79,70,79,156937,157137,8712,7473
Japan,6/15/2022,80-89,80,89,130482,88842,5477,3493
Japan,6/15/2022,90+,90,999,72520,24089,1781,601
Jersey,4/19/2021,0-4,0,4,24,29,,
Jersey,4/19/2021,5-9,5,9,47,45,,
Jersey,4/19/2021,10-14,10,14,63,60,,
Jersey,4/19/2021,15-19,15,19,133,105,,
Jersey,4/19/2021,20-24,20,24,148,134,,
Jersey,4/19/2021,25-29,25,29,153,138,,
Jersey,4/19/2021,30-34,30,34,150,119,,
Jersey,4/19/2021,35-39,35,39,135,122,,
Jersey,4/19/2021,40-44,40,44,152,108,,
Jersey,4/19/2021,45-49,45,49,159,131,,
Jersey,4/19/2021,50-54,50,54,177,155,,
Jersey,4/19/2021,55-59,55,59,171,149,,
Jersey,4/19/2021,60-64,60,64,121,103,,
Jersey,4/19/2021,65-69,65,69,51,62,,
Jersey,4/19/2021,70-74,70,74,44,47,,
Jersey,4/19/2021,75-79,75,79,38,26,,
Jersey,4/19/2021,80,80,999,109,70,,
Jordan,12/14/2021,0-5,0,5,354,413,627,659
Jordan,12/14/2021,6-9,6,9,362,442,455,472
Jordan,12/14/2021,10-17,10,17,1553,1721,878,898
Jordan,12/14/2021,18-24,18,24,29668,29486,666,678
Jordan,12/14/2021,25-34,25,34,84017,86497,812,828
Jordan,12/14/2021,35-44,35,44,72846,67364,646,674
Jordan,12/14/2021,45-54,45,54,51150,45542,467,501
Jordan,12/14/2021,55-64,55,64,28086,24417,310,308
Jordan,12/14/2021,65-74,65,74,12792,11823,136,124
Kazakhstan,4/19/2021,0-4,0,4,81,128,944,1004
Kazakhstan,4/19/2021,5-9,5,9,48,76,927,981
Kazakhstan,4/19/2021,10-14,10,14,60,82,730,773
Kazakhstan,4/19/2021,15-19,15,19,95,450,523,549
Kazakhstan,4/19/2021,20-24,20,24,269,862,568,593
Kazakhstan,4/19/2021,25-29,25,29,316,568,773,773
Kazakhstan,4/19/2021,30-34,30,34,279,549,827,802
Kazakhstan,4/19/2021,35-39,35,39,249,376,646,644
Kazakhstan,4/19/2021,40-44,40,44,249,306,597,574
Kazakhstan,4/19/2021,45-49,45,49,288,255,560,523
Kazakhstan,4/19/2021,50-54,50,54,264,194,529,465
Kazakhstan,4/19/2021,55-59,55,59,198,179,569,478
Kazakhstan,4/19/2021,60-64,60,64,93,94,444,337
Kazakhstan,4/19/2021,65-69,65,69,46,54,354,231
Kazakhstan,4/19/2021,70-74,70,74,42,32,185,109
Kazakhstan,4/19/2021,75+,75,999,30,14,376,164
Kenya,2/23/2022,0-4,0,4,2981,4252,3486,3558
Kenya,2/23/2022,5-9,5,9,2329,2582,3461,3508
Kenya,2/23/2022,10-19,10,19,9490,10463,6330,6417
Kenya,2/23/2022,20-39,20,39,64943,79822,8581,8483
Kenya,2/23/2022,40-49,40,49,41073,59929,2485,2418
Kenya,2/23/2022,60+,60,999,19444,24440,1260,978
Kosovo,3/21/2022,0-4,0,4,818,1001,63,69
Kosovo,3/21/2022,5-9,5,9,1983,2221,71,79
Kosovo,3/21/2022,10-14,10,14,5168,5491,67,73
Kosovo,3/21/2022,15-19,15,19,7371,6104,80,85
Kosovo,3/21/2022,20-24,20,24,9394,6930,76,78
Kosovo,3/21/2022,25-29,25,29,10193,8491,71,67
Kosovo,3/21/2022,30-39,30,39,22459,18754,122,117
Kosovo,3/21/2022,40-49,40,49,20889,18262,119,104
Kosovo,3/21/2022,50-59,50,59,17852,15129,99,91
Kosovo,3/21/2022,60-64,60,64,7423,6827,37,35
Kosovo,3/21/2022,65-69,65,69,5659,5459,30,27
Kosovo,3/21/2022,70-74,70,74,4189,4044,22,18
Kosovo,3/21/2022,75-79,75,79,2761,2838,17,13
Kosovo,3/21/2022,80+,80,999,2258,2142,19,13
Kyrgyzstan,3/21/2022,0-4,0,4,685,720,370,390
Kyrgyzstan,3/21/2022,5-9,5,9,502,517,375,394
Kyrgyzstan,3/21/2022,10-14,10,14,1039,803,294,306
Kyrgyzstan,3/21/2022,15-19,15,19,1680,1443,245,255
Kyrgyzstan,3/21/2022,20-24,20,24,3474,2155,252,262
Kyrgyzstan,3/21/2022,25-29,25,29,4378,3254,280,289
Kyrgyzstan,3/21/2022,30-39,30,39,8786,7604,508,507
Kyrgyzstan,3/21/2022,40-49,40,49,7148,5562,350,336
Kyrgyzstan,3/21/2022,50-59,50,59,8057,5396,308,273
Kyrgyzstan,3/21/2022,60-64,60,64,4463,2915,122,98
Kyrgyzstan,3/21/2022,65-69,65,69,3580,2274,82,61
Kyrgyzstan,3/21/2022,70-74,70,74,2738,1743,49,30
Kyrgyzstan,3/21/2022,75-79,75,79,1071,770,22,11
Kyrgyzstan,3/21/2022,80+,80,999,1983,1188,40,14
Latvia,6/14/2022,0-9,0,9,42319,44975,100,108
Latvia,6/14/2022,10-19,10,19,63216,64334,92,96
Latvia,6/14/2022,20-29,20,29,47869,40960,91,97
Latvia,6/14/2022,30-39,30,39,82720,68929,129,134
Latvia,6/14/2022,40-49,40,49,72870,56023,130,124
Latvia,6/14/2022,50-59,50,59,65403,44258,141,123
Latvia,6/14/2022,60-69,60,69,48751,30852,146,104
Latvia,6/14/2022,70-79,70,79,22560,12684,108,54
Latvia,6/14/2022,80+,80,999,16271,5983,80,27
Liberia,8/31/2020,0-4,0,4,9,9,363,378
Liberia,8/31/2020,5-9,5,9,14,27,332,346
Liberia,8/31/2020,10-14,10,14,26,34,306,317
Liberia,8/31/2020,15-19,15,19,36,27,272,280
Liberia,8/31/2020,20-29,20,29,88,152,417,424
Liberia,8/31/2020,30-39,30,39,104,192,313,316
Liberia,8/31/2020,40-49,40,49,75,173,222,222
Liberia,8/31/2020,50-59,50,59,47,123,146,138
Liberia,8/31/2020,60-64,60,64,23,45,52,46
Liberia,8/31/2020,65-69,65,69,10,18,39,32
Liberia,8/31/2020,70-74,70,74,10,14,25,20
Liberia,8/31/2020,75-79,75,79,2,9,18,14
Liberia,8/31/2020,80,80,999,4,6,12,9
Liechtenstein,3/21/2022,0-4,0,4,112,95,,
Liechtenstein,3/21/2022,5-9,5,9,508,601,,
Liechtenstein,3/21/2022,10-14,10,14,666,757,,
Liechtenstein,3/21/2022,15-19,15,19,656,614,,
Liechtenstein,3/21/2022,20-24,20,24,661,576,,
Liechtenstein,3/21/2022,25-29,25,29,709,621,,
Liechtenstein,3/21/2022,30-39,30,39,1541,1353,,
Liechtenstein,3/21/2022,40-49,40,49,1438,1268,,
Liechtenstein,3/21/2022,50-59,50,59,1305,1105,,
Liechtenstein,3/21/2022,60-64,60,64,448,399,,
Liechtenstein,3/21/2022,65-69,65,69,267,268,,
Liechtenstein,3/21/2022,70-74,70,74,195,196,,
Liechtenstein,3/21/2022,75-79,75,79,151,144,,
Liechtenstein,3/21/2022,80+,80,999,213,124,,
Lithuania,3/21/2022,0-4,0,4,14069,15398,70,75
Lithuania,3/21/2022,5-9,5,9,38906,41831,75,80
Lithuania,3/21/2022,10-14,10,14,52977,56045,59,62
Lithuania,3/21/2022,15-19,15,19,42198,39157,59,63
Lithuania,3/21/2022,20-24,20,24,41159,35760,65,68
Lithuania,3/21/2022,25-29,25,29,52965,45312,87,96
Lithuania,3/21/2022,30-39,30,39,139597,112898,163,175
Lithuania,3/21/2022,40-49,40,49,126552,93584,182,174
Lithuania,3/21/2022,50-59,50,59,121507,81739,225,196
Lithuania,3/21/2022,60-64,60,64,52357,35329,105,81
Lithuania,3/21/2022,65-69,65,69,26893,18767,100,66
Lithuania,3/21/2022,70-74,70,74,19139,12639,70,39
Lithuania,3/21/2022,75-79,75,79,14049,8212,78,37
Lithuania,3/21/2022,80+,80,999,25757,10822,124,48
Luxembourg,3/21/2022,0-4,0,4,3664,3857,16,17
Luxembourg,3/21/2022,5-9,5,9,9758,10147,16,17
Luxembourg,3/21/2022,10-14,10,14,10009,10843,16,16
Luxembourg,3/21/2022,15-19,15,19,7923,8013,17,18
Luxembourg,3/21/2022,20-24,20,24,7159,6769,19,21
Luxembourg,3/21/2022,25-29,25,29,9151,8582,22,24
Luxembourg,3/21/2022,30-39,30,39,20851,18354,49,49
Luxembourg,3/21/2022,40-49,40,49,19932,17707,45,49
Luxembourg,3/21/2022,50-59,50,59,13317,14017,43,47
Luxembourg,3/21/2022,60-64,60,64,3819,3928,17,18
Luxembourg,3/21/2022,65-69,65,69,2424,2523,14,14
Luxembourg,3/21/2022,70-74,70,74,1842,1891,11,11
Luxembourg,3/21/2022,75-79,75,79,1360,1315,9,7
Luxembourg,3/21/2022,80+,80,999,3999,2202,15,10
Malawi,12/31/2020,0-9,0,9,45,45,2772,2825
Malawi,12/31/2020,10-19,10,19,88,105,2299,2307
Malawi,12/31/2020,20-29,20,29,487,1040,1659,1619
Malawi,12/31/2020,30-39,30,39,632,1331,1125,1070
Malawi,12/31/2020,40-49,40,49,340,866,711,670
Malawi,12/31/2020,50-59,50,59,166,383,434,378
Malawi,12/31/2020,60-69,60,69,79,156,260,205
Malawi,12/31/2020,70+,70,999,33,84,183,111
Malaysia,3/28/2022,0-4,0,4,114361,113394,1279,1356
Malaysia,3/28/2022,5-9,5,9,116087,130639,1217,1291
Malaysia,3/28/2022,10-14,10,14,102068,114917,1188,1258
Malaysia,3/28/2022,15-19,15,19,125044,135578,1293,1377
Malaysia,3/28/2022,20-29,20,29,449502,514020,2803,2967
Malaysia,3/28/2022,30-39,30,39,407909,515008,2703,2948
Malaysia,3/28/2022,40-49,40,49,256914,278596,1910,2081
Malaysia,3/28/2022,50-59,50,59,185802,179114,1543,1603
Malaysia,3/28/2022,60-64,60,64,69659,65175,606,617
Malaysia,3/28/2022,65-69,65,69,49529,49202,468,459
Malaysia,3/28/2022,70-74,70,74,31400,32340,343,315
Malaysia,3/28/2022,75-79,75,79,17320,16835,193,175
Malaysia,3/28/2022,80+,80,999,19504,14988,190,183
Maldives,2/7/2022,0-4,0,4,3849,4263,17,18
Maldives,2/7/2022,5-9,5,9,4777,5115,18,19
Maldives,2/7/2022,10-14,10,14,4732,5206,16,17
Maldives,2/7/2022,15-19,15,19,3879,3745,13,14
Maldives,2/7/2022,20-29,20,29,13503,15379,35,105
Maldives,2/7/2022,30-39,30,39,15118,18581,42,96
Maldives,2/7/2022,40-49,40,49,7728,9643,24,40
Maldives,2/7/2022,50-59,50,59,5080,5206,17,18
Maldives,2/7/2022,60-64,60,64,1716,1757,6,6
Maldives,2/7/2022,65-69,65,69,888,1032,3,3
Maldives,2/7/2022,70-74,70,74,519,646,2,2
Maldives,2/7/2022,75-79,75,79,398,443,2,2
Maldives,2/7/2022,80,80,999,471,550,2,2
Mali,6/2/2022,0-4,0,4,182,209,1772,1834
Mali,6/2/2022,5-9,5,9,303,361,1551,1604
Mali,6/2/2022,10-14,10,14,558,399,1357,1402
Mali,6/2/2022,15-19,15,19,1092,588,1110,1141
Mali,6/2/2022,20-24,20,24,1213,1082,880,896
Mali,6/2/2022,25-29,25,29,1298,2012,712,716
Mali,6/2/2022,30-34,30,34,1504,2695,584,583
Mali,6/2/2022,35-39,35,39,1177,2467,499,494
Mali,6/2/2022,40-44,40,44,971,2201,419,408
Mali,6/2/2022,45-49,45,49,789,1765,337,322
Mali,6/2/2022,50-54,50,54,740,1518,256,233
Mali,6/2/2022,55-59,55,59,582,1044,194,166
Mali,6/2/2022,60-64,60,64,570,835,154,126
Mali,6/2/2022,65-69,65,69,413,683,123,99
Mali,6/2/2022,70-74,70,74,364,531,80,61
Mali,6/2/2022,75-79,75,79,170,285,51,39
Mali,6/2/2022,80+,80,999,206,285,28,22
Malta,3/21/2022,0-4,0,4,1050,1253,11,11
Malta,3/21/2022,5-9,5,9,1228,1490,10,11
Malta,3/21/2022,10-14,10,14,1587,1815,10,11
Malta,3/21/2022,15-19,15,19,2698,2235,10,11
Malta,3/21/2022,20-24,20,24,3900,3542,12,13
Malta,3/21/2022,25-29,25,29,4812,5104,14,16
Malta,3/21/2022,30-39,30,39,8868,9516,31,34
Malta,3/21/2022,40-49,40,49,5688,6391,29,31
Malta,3/21/2022,50-59,50,59,4030,4056,26,27
Malta,3/21/2022,60-64,60,64,1608,1719,15,15
Malta,3/21/2022,65-69,65,69,1200,1299,14,14
Malta,3/21/2022,70-74,70,74,1168,1169,15,13
Malta,3/21/2022,75-79,75,79,929,881,9,8
Malta,3/21/2022,80+,80,999,1975,1092,13,8
Mauritius,8/31/2020,0-4,0,4,4,1,31,33
Mauritius,8/31/2020,5-9,5,9,2,3,34,35
Mauritius,8/31/2020,10-14,10,14,3,3,40,41
Mauritius,8/31/2020,15-19,15,19,5,6,46,48
Mauritius,8/31/2020,20-24,20,24,11,18,47,47
Mauritius,8/31/2020,25-29,25,29,17,28,51,52
Mauritius,8/31/2020,30-34,30,34,14,31,44,44
Mauritius,8/31/2020,35-39,35,39,6,24,43,44
Mauritius,8/31/2020,40-44,40,44,14,21,49,50
Mauritius,8/31/2020,45-49,45,49,6,14,41,42
Mauritius,8/31/2020,50-54,50,54,13,17,43,42
Mauritius,8/31/2020,55-59,55,59,14,12,46,44
Mauritius,8/31/2020,60-64,60,64,7,14,39,36
Mauritius,8/31/2020,65-69,65,69,4,5,33,29
Mauritius,8/31/2020,70-74,70,74,2,5,25,20
Mauritius,8/31/2020,75-79,75,79,0,2,14,10
Mauritius,8/31/2020,80,80,999,4,3,18,10
Mexico,6/15/2022,0-4,0,4,22888,26736,5354,5605
Mexico,6/15/2022,5-9,5,9,34450,37197,5479,5732
Mexico,6/15/2022,10-14,10,14,65663,67472,5448,5693
Mexico,6/15/2022,15-19,15,19,117633,108057,5515,5695
Mexico,6/15/2022,20-24,20,24,280891,253653,5435,5505
Mexico,6/15/2022,25-29,25,29,376368,344488,5412,5384
Mexico,6/15/2022,30-34,30,34,365757,331596,5041,4748
Mexico,6/15/2022,35-39,35,39,341191,301608,4746,4344
Mexico,6/15/2022,40-44,40,44,309939,266312,4502,4030
Mexico,6/15/2022,45-49,45,49,304910,259485,4233,3783
Mexico,6/15/2022,50-54,50,54,251446,215754,3689,3236
Mexico,6/15/2022,55-59,55,59,192903,176808,3091,2742
Mexico,6/15/2022,60-64,60,64,133972,130074,2500,2169
Mexico,6/15/2022,65-69,65,69,93490,96836,1938,1657
Mexico,6/15/2022,70-74,70,74,63454,71029,1341,1126
Mexico,6/15/2022,75-79,75,79,43278,49531,948,774
Mexico,6/15/2022,80+,80,999,48602,54893,1190,848
Moldova,6/6/2022,0-9,0,9,8940,9918,206,218
Moldova,6/6/2022,10-19,10,19,24100,20875,203,216
Moldova,6/6/2022,20-29,20,29,39385,29932,280,291
Moldova,6/6/2022,30-39,30,39,49884,34847,381,393
Moldova,6/6/2022,40-49,40,49,54403,35002,287,276
Moldova,6/6/2022,50-59,50,59,59798,38305,281,240
Moldova,6/6/2022,60-69,60,69,44786,28256,282,206
Moldova,6/6/2022,70-79,70,79,19945,12146,117,68
Moldova,6/6/2022,80+,80,999,5553,3059,64,24
Mongolia,3/28/2022,0-4,0,4,12395,12348,185,190
Mongolia,3/28/2022,5-9,5,9,15488,16451,179,183
Mongolia,3/28/2022,10-14,10,14,13690,13858,139,142
Mongolia,3/28/2022,15-19,15,19,12112,10872,108,110
Mongolia,3/28/2022,20-29,20,29,43729,35417,249,251
Mongolia,3/28/2022,30-39,30,39,57145,48459,281,283
Mongolia,3/28/2022,40-49,40,49,38188,28337,215,208
Mongolia,3/28/2022,50-59,50,59,27503,17293,168,146
Mongolia,3/28/2022,60-64,60,64,9375,5606,55,43
Mongolia,3/28/2022,65-69,65,69,5829,3315,34,26
Mongolia,3/28/2022,70-74,70,74,3496,1887,21,15
Mongolia,3/28/2022,75-79,75,79,2263,1430,15,10
Mongolia,3/28/2022,80+,80,999,2647,1385,14,7
Montenegro,3/21/2022,0-4,0,4,1542,1784,18,19
Montenegro,3/21/2022,5-9,5,9,1789,1968,18,19
Montenegro,3/21/2022,10-14,10,14,3357,3642,19,21
Montenegro,3/21/2022,15-19,15,19,5195,4858,19,21
Montenegro,3/21/2022,20-24,20,24,6318,5683,20,21
Montenegro,3/21/2022,25-29,25,29,8367,7185,21,22
Montenegro,3/21/2022,30-39,30,39,20321,16969,43,45
Montenegro,3/21/2022,40-49,40,49,18066,15189,43,41
Montenegro,3/21/2022,50-59,50,59,14935,12733,41,40
Montenegro,3/21/2022,60-64,60,64,6746,6279,20,19
Montenegro,3/21/2022,65-69,65,69,5677,5309,20,18
Montenegro,3/21/2022,70-74,70,74,4364,3860,14,11
Montenegro,3/21/2022,75-79,75,79,2429,2050,10,6
Montenegro,3/21/2022,80+,80,999,3382,2497,13,8
Mozambique,12/28/2021,0-4,0,4,2428,2506,2566,2591
Mozambique,12/28/2021,5-9,5,9,2549,2371,2273,2288
Mozambique,12/28/2021,10-14,10,14,3777,3203,2028,2026
Mozambique,12/28/2021,15-19,15,19,6528,4600,1781,1760
Mozambique,12/28/2021,20-24,20,24,10372,8033,1473,1439
Mozambique,12/28/2021,25-29,25,29,11934,10695,1211,1171
Mozambique,12/28/2021,30-34,30,34,11266,11034,1002,960
Mozambique,12/28/2021,35-39,35,39,10214,10258,848,779
Mozambique,12/28/2021,40-44,40,44,8307,8637,686,602
Mozambique,12/28/2021,45-49,45,49,5671,5694,558,444
Mozambique,12/28/2021,50-54,50,54,4627,4694,453,329
Mozambique,12/28/2021,55-59,55,59,3367,3746,355,263
Mozambique,12/28/2021,60-64,60,64,2832,3362,275,200
Mozambique,12/28/2021,65-69,65,69,1934,2280,219,150
Mozambique,12/28/2021,70+,70,999,2093,2392,339,187
Myanmar,1/4/2021,0-4,0,4,780,781,2232,2277
Myanmar,1/4/2021,5-9,5,9,720,771,2241,2272
Myanmar,1/4/2021,10-14,10,14,1079,1194,2413,2433
Myanmar,1/4/2021,15-19,15,19,2587,2883,2531,2541
Myanmar,1/4/2021,20-29,20,29,9828,11146,4626,4537
Myanmar,1/4/2021,30-39,30,39,6689,8150,4136,3937
Myanmar,1/4/2021,40-49,40,49,5351,5265,3790,3430
Myanmar,1/4/2021,50-59,50,59,5041,4253,3033,2540
Myanmar,1/4/2021,60-64,60,64,1930,1554,1159,891
Myanmar,1/4/2021,65-69,65,69,1409,1307,911,643
Myanmar,1/4/2021,70-74,70,74,1025,920,523,368
Myanmar,1/4/2021,75-79,75,79,588,544,323,209
Myanmar,1/4/2021,80,80,999,758,647,272,144
Nepal,6/14/2022,0-10,0,10,9302,13008,2975,3057
Nepal,6/14/2022,11-20,11,20,27277,36814,3093,3116
Nepal,6/14/2022,21-30,21,30,107782,135753,3158,2529
Nepal,6/14/2022,31-40,31,40,95292,148612,2344,1319
Nepal,6/14/2022,41-50,41,50,63558,100570,1756,1231
Nepal,6/14/2022,51-60,51,60,48045,71229,1192,1028
Nepal,6/14/2022,61-70,61,70,28579,38891,756,660
Nepal,6/14/2022,71-80,71,80,15425,19693,416,331
Nepal,6/14/2022,81-100,81,100,6590,8634,515,409
Netherlands,6/18/2022,0-9,0,9,272725,285887,853,899
Netherlands,6/18/2022,10-19,10,19,711592,672150,950,1003
Netherlands,6/18/2022,20-29,20,29,793870,685417,1027,1071
Netherlands,6/18/2022,30-39,30,39,712790,598611,1037,1061
Netherlands,6/18/2022,40-49,40,49,643854,530803,1075,1076
Netherlands,6/18/2022,50-59,50,59,553116,507780,1254,1270
Netherlands,6/18/2022,60-69,60,69,310994,306361,1072,1057
Netherlands,6/18/2022,70-79,70,79,163264,170016,825,766
Netherlands,6/18/2022,80-89,80,89,84338,65963,407,293
Netherlands,6/18/2022,90+,90,999,31203,12433,97,40
"New Zealand",4/12/2022,0-9,0,9,48629,51454,300,316
"New Zealand",4/12/2022,10-19,10,19,75116,72595,305,320
"New Zealand",4/12/2022,20-29,20,29,83269,72291,327,345
"New Zealand",4/12/2022,30-39,30,39,77964,63053,316,303
"New Zealand",4/12/2022,40-49,40,49,60612,48794,310,282
"New Zealand",4/12/2022,50-59,50,59,37900,33298,327,302
"New Zealand",4/12/2022,60-69,60,69,19299,18761,270,252
"New Zealand",4/12/2022,70-79,70,79,7456,7892,189,173
"New Zealand",4/12/2022,80-89,80,89,2927,2605,86,66
"New Zealand",4/12/2022,90+,90,999,805,500,22,12
Niger,4/26/2021,0-4,0,4,20,20,2347,2440
Niger,4/26/2021,5-9,5,9,23,34,1952,2019
Niger,4/26/2021,10-14,10,14,48,61,1606,1659
Niger,4/26/2021,15-19,15,19,84,142,1295,1340
Niger,4/26/2021,20-29,20,29,313,637,1823,1894
Niger,4/26/2021,30-39,30,39,323,701,1181,1078
Niger,4/26/2021,40-49,40,49,239,629,798,731
Niger,4/26/2021,50-59,50,59,180,521,532,515
Niger,4/26/2021,60-64,60,64,67,186,181,186
Niger,4/26/2021,65-69,65,69,41,105,132,146
Niger,4/26/2021,70-74,70,74,24,84,99,91
Niger,4/26/2021,75-79,75,79,23,59,59,48
Niger,4/26/2021,80,80,999,30,51,32,23
Nigeria,5/22/2022,0-4,0,4,1366,2216,16561,17377
Nigeria,5/22/2022,5-9,5,9,2010,2173,14626,15288
Nigeria,5/22/2022,10-14,10,14,3478,3688,12633,13159
Nigeria,5/22/2022,15-19,15,19,5939,5497,10759,11151
Nigeria,5/22/2022,20-24,20,24,10316,9123,8898,9170
Nigeria,5/22/2022,25-29,25,29,15228,16578,7448,7661
Nigeria,5/22/2022,30-34,30,34,12509,18630,6431,6614
Nigeria,5/22/2022,35-39,35,39,11213,20622,5578,5745
Nigeria,5/22/2022,40-44,40,44,9052,18003,4673,4786
Nigeria,5/22/2022,45-49,45,49,7070,14135,3771,3807
Nigeria,5/22/2022,50-54,50,54,6611,11767,2996,2948
Nigeria,5/22/2022,55-59,55,59,4884,8232,2426,2330
Nigeria,5/22/2022,60-64,60,64,3630,5517,1892,1765
Nigeria,5/22/2022,65-69,65,69,2331,3191,1369,1232
Nigeria,5/22/2022,70-74,70,74,1655,2183,901,816
Nigeria,5/22/2022,75-79,75,79,978,1233,480,426
Nigeria,5/22/2022,80-84,80,84,628,751,179,154
Nigeria,5/22/2022,85+,85,999,553,649,47,38
"North Macedonia",3/14/2022,0-4,0,4,1352,1604,54,58
"North Macedonia",3/14/2022,5-9,5,9,2215,2436,56,60
"North Macedonia",3/14/2022,10-14,10,14,4019,4266,54,58
"North Macedonia",3/14/2022,15-19,15,19,6104,6011,59,62
"North Macedonia",3/14/2022,20-24,20,24,8036,7591,63,67
"North Macedonia",3/14/2022,25-29,25,29,12458,11237,74,78
"North Macedonia",3/14/2022,30-39,30,39,31220,28030,159,167
"North Macedonia",3/14/2022,40-49,40,49,29065,26911,147,153
"North Macedonia",3/14/2022,50-59,50,59,27126,23581,141,141
"North Macedonia",3/14/2022,60-64,60,64,11773,11761,66,63
"North Macedonia",3/14/2022,65-69,65,69,9663,9630,61,55
"North Macedonia",3/14/2022,70-74,70,74,7527,7303,44,36
"North Macedonia",3/14/2022,75-79,75,79,4407,4350,31,23
"North Macedonia",3/14/2022,80+,80,999,3713,3871,32,21
"Northern Ireland",4/10/2022,0-19,0,19,97392,93095,236,249
"Northern Ireland",4/10/2022,20-39,20,39,132828,106026,240,243
"Northern Ireland",4/10/2022,40-59,40,59,102457,82965,256,243
"Northern Ireland",4/10/2022,60-79,60,79,32903,31623,179,167
"Northern Ireland",4/10/2022,80+,80,999,9922,6634,50,33
Norway,6/16/2022,0-9,0,9,95164,100004,298,316
Norway,6/16/2022,10-19,10,19,168826,167319,314,329
Norway,6/16/2022,20-29,20,29,120179,113008,352,375
Norway,6/16/2022,30-39,30,39,134868,117910,359,379
Norway,6/16/2022,40-49,40,49,105639,98775,350,375
Norway,6/16/2022,50-59,50,59,56840,61164,346,367
Norway,6/16/2022,60-69,60,69,25863,27724,292,295
Norway,6/16/2022,70-79,70,79,13430,14876,231,216
Norway,6/16/2022,80-89,80,89,6467,5759,108,76
Norway,6/16/2022,90+,90,999,3005,1415,31,13
Oman,2/7/2022,0-4,0,4,1003,1080,222,232
Oman,2/7/2022,5-9,5,9,1538,1697,187,192
Oman,2/7/2022,10-14,10,14,2230,2573,150,166
Oman,2/7/2022,15-19,15,19,4474,5523,121,94
Oman,2/7/2022,20-24,20,24,8842,17262,129,200
Oman,2/7/2022,25-29,25,29,16598,36702,177,580
Oman,2/7/2022,30-34,30,34,19895,45971,199,669
Oman,2/7/2022,35-39,35,39,16917,40252,160,411
Oman,2/7/2022,40-44,40,44,11774,28251,116,284
Oman,2/7/2022,45-49,45,49,7654,19102,78,206
Oman,2/7/2022,50-54,50,54,5346,12565,58,124
Oman,2/7/2022,55-59,55,59,4087,7925,40,94
Oman,2/7/2022,60-64,60,64,3350,4817,33,57
Oman,2/7/2022,65-69,65,69,2337,2481,26,28
Oman,2/7/2022,70-74,70,74,1653,1631,17,12
Oman,2/7/2022,75-79,75,79,1095,1124,13,12
Oman,2/7/2022,80,80,999,1151,1447,11,11
Pakistan,7/7/2020,10-19,10,19,6660,8216,21830,23598
Pakistan,7/7/2020,20-29,20,29,14282,29827,19367,20563
Pakistan,7/7/2020,30-39,30,39,11491,32955,15075,15741
Pakistan,7/7/2020,40-49,40,49,8677,23499,10421,10828
Pakistan,7/7/2020,50-59,50,59,7879,18947,7460,7663
Pakistan,7/7/2020,60-69,60,69,4924,11065,4415,4487
Pakistan,7/7/2020,70-79,70,79,2017,3886,2247,2312
Pakistan,7/7/2020,80+,80,999,610,1036,679,744
Panama,7/27/2020,0-4,0,4,681,771,190,199
Panama,7/27/2020,5-9,5,9,826,882,188,196
Panama,7/27/2020,10-14,10,14,929,946,181,189
Panama,7/27/2020,15-19,15,19,1452,1460,175,182
Panama,7/27/2020,20-24,20,24,2817,3641,172,177
Panama,7/27/2020,25-29,25,29,3279,4272,163,166
Panama,7/27/2020,30-34,30,34,3252,4131,158,159
Panama,7/27/2020,35-39,35,39,3064,3592,150,152
Panama,7/27/2020,40-44,40,44,2710,3332,144,144
Panama,7/27/2020,45-49,45,49,2531,3215,134,134
Panama,7/27/2020,50-54,50,54,2251,2622,118,117
Panama,7/27/2020,55-59,55,59,1782,2142,101,98
Panama,7/27/2020,60-64,60,64,1230,1429,82,78
Panama,7/27/2020,65-69,65,69,942,1060,64,59
Panama,7/27/2020,70-74,70,74,676,920,48,43
Panama,7/27/2020,75-79,75,79,440,535,36,31
Panama,7/27/2020,80,80,999,668,750,49,38
Paraguay,3/21/2022,0-4,0,4,2956,3480,342,359
Paraguay,3/21/2022,5-9,5,9,4431,4763,334,349
Paraguay,3/21/2022,10-14,10,14,7728,7301,331,346
Paraguay,3/21/2022,15-19,15,19,18244,15304,322,337
Paraguay,3/21/2022,20-24,20,24,36840,29268,331,346
Paraguay,3/21/2022,25-29,25,29,46366,37466,315,328
Paraguay,3/21/2022,30-34,30,34,44966,37728,291,304
Paraguay,3/21/2022,35-39,35,39,40443,35047,251,263
Paraguay,3/21/2022,40-44,40,44,31453,27323,198,209
Paraguay,3/21/2022,45-49,45,49,24325,20682,157,164
Paraguay,3/21/2022,50-54,50,54,22284,18991,144,147
Paraguay,3/21/2022,55-59,55,59,20166,16824,128,130
Paraguay,3/21/2022,60-64,60,64,16180,14489,109,111
Paraguay,3/21/2022,65-69,65,69,11833,10816,91,91
Paraguay,3/21/2022,70-74,70,74,7834,7584,65,62
Paraguay,3/21/2022,75-79,75,79,5478,5124,46,41
Paraguay,3/21/2022,80+,80,999,7148,5782,52,39
Peru,6/11/2022,0-9,0,9,44113,49375,2686,2759
Peru,6/11/2022,10-19,10,19,119197,104980,2627,2507
Peru,6/11/2022,20-29,20,29,394050,346070,2805,2570
Peru,6/11/2022,30-39,30,39,422723,418818,2549,2682
Peru,6/11/2022,40-49,40,49,324652,339712,2118,2228
Peru,6/11/2022,50-59,50,59,241376,245082,1656,1658
Peru,6/11/2022,60-69,60,69,151734,154525,1158,1119
Peru,6/11/2022,70-79,70,79,74935,80255,659,597
Peru,6/11/2022,80+,80,999,39787,39496,334,258
Philippines,6/4/2022,0-4,0,4,40845,46758,5166,5451
Philippines,6/4/2022,5-9,5,9,53322,55279,5552,5846
Philippines,6/4/2022,10-14,10,14,85238,72781,5329,5578
Philippines,6/4/2022,15-19,15,19,204963,171949,5055,5408
Philippines,6/4/2022,20-24,20,24,278222,256678,4913,5192
Philippines,6/4/2022,25-29,25,29,238865,237976,4672,4808
Philippines,6/4/2022,30-34,30,34,177739,187376,4080,4167
Philippines,6/4/2022,35-39,35,39,147230,162039,3610,3645
Philippines,6/4/2022,40-44,40,44,122324,131084,3255,3297
Philippines,6/4/2022,45-49,45,49,40353,44763,2876,2884
Philippines,6/4/2022,50-54,50,54,116963,115576,2578,2539
Philippines,6/4/2022,55-59,55,59,106431,98961,2174,2076
Philippines,6/4/2022,60-64,60,64,86405,76614,1778,1615
Philippines,6/4/2022,65-69,65,69,64209,58033,1349,1137
Philippines,6/4/2022,70-74,70,74,46935,42110,952,710
Philippines,6/4/2022,75-79,75,79,30156,23852,597,381
Philippines,6/4/2022,80+,80,999,41385,24965,617,297
Poland,3/14/2022,0-4,0,4,79778,88765,918,967
Poland,3/14/2022,5-9,5,9,83865,88400,926,974
Poland,3/14/2022,10-14,10,14,108610,109966,963,1011
Poland,3/14/2022,15-19,15,19,104249,98130,853,882
Poland,3/14/2022,20-24,20,24,156933,134776,971,995
Poland,3/14/2022,25-29,25,29,232605,198714,1202,1264
Poland,3/14/2022,30-39,30,39,626428,509724,2888,3117
Poland,3/14/2022,40-49,40,49,585951,474139,2741,2794
Poland,3/14/2022,50-59,50,59,468959,342149,2324,2239
Poland,3/14/2022,60-64,60,64,202791,189264,1445,1280
Poland,3/14/2022,65-69,65,69,191967,160575,1354,1095
Poland,3/14/2022,70-74,70,74,145105,122308,1076,780
Poland,3/14/2022,75-79,75,79,87377,67431,645,400
Poland,3/14/2022,80+,80,999,177120,94301,1202,541
Portugal,3/21/2022,0-4,0,4,72236,76209,194,206
Portugal,3/21/2022,5-9,5,9,110683,114368,214,227
Portugal,3/21/2022,10-14,10,14,113462,118565,240,250
Portugal,3/21/2022,15-19,15,19,141200,133572,257,268
Portugal,3/21/2022,20-24,20,24,149872,136650,270,270
Portugal,3/21/2022,25-29,25,29,142634,130406,271,263
Portugal,3/21/2022,30-39,30,39,312440,259336,624,591
Portugal,3/21/2022,40-49,40,49,352292,281088,816,760
Portugal,3/21/2022,50-59,50,59,243757,194101,780,701
Portugal,3/21/2022,60-64,60,64,84959,71129,360,313
Portugal,3/21/2022,65-69,65,69,61416,54659,337,284
Portugal,3/21/2022,70-74,70,74,48667,43936,314,253
Portugal,3/21/2022,75-79,75,79,39158,32797,260,191
Portugal,3/21/2022,80+,80,999,94062,50553,436,247
Qatar,2/7/2022,0-4,0,4,3844,3988,66,69
Qatar,2/7/2022,5-9,5,9,6249,6780,66,70
Qatar,2/7/2022,10-14,10,14,7520,7445,59,63
Qatar,2/7/2022,15-19,15,19,7365,7746,48,58
Qatar,2/7/2022,20-24,20,24,9058,20021,48,189
Qatar,2/7/2022,25-29,25,29,14284,33284,73,407
Qatar,2/7/2022,30-34,30,34,16955,38803,94,401
Qatar,2/7/2022,35-39,35,39,15021,34931,87,264
Qatar,2/7/2022,40-44,40,44,11954,25361,58,197
Qatar,2/7/2022,45-49,45,49,8134,17731,42,165
Qatar,2/7/2022,50-54,50,54,5911,11912,31,125
Qatar,2/7/2022,55-59,55,59,4198,7218,19,79
Qatar,2/7/2022,60-64,60,64,2747,4167,11,43
Qatar,2/7/2022,65-69,65,69,1695,1978,6,22
Qatar,2/7/2022,70-74,70,74,839,993,4,9
Qatar,2/7/2022,75-79,75,79,531,502,2,2
Qatar,2/7/2022,80+,80,999,501,582,2,2
"Republic of Ireland",3/21/2022,0-4,0,4,33501,35095,152,162
"Republic of Ireland",3/21/2022,5-9,5,9,47788,49962,174,184
"Republic of Ireland",3/21/2022,10-14,10,14,51609,51264,175,182
"Republic of Ireland",3/21/2022,15-19,15,19,57662,49958,153,159
"Republic of Ireland",3/21/2022,20-24,20,24,75967,65935,143,147
"Republic of Ireland",3/21/2022,25-29,25,29,69017,60588,136,141
"Republic of Ireland",3/21/2022,30-39,30,39,142156,118270,354,342
"Republic of Ireland",3/21/2022,40-49,40,49,141199,120245,389,375
"Republic of Ireland",3/21/2022,50-59,50,59,86272,78585,302,299
"Republic of Ireland",3/21/2022,60-64,60,64,28326,27044,127,123
"Republic of Ireland",3/21/2022,65-69,65,69,18479,19546,118,113
"Republic of Ireland",3/21/2022,70-74,70,74,13192,14255,101,96
"Republic of Ireland",3/21/2022,75-79,75,79,9360,9921,70,64
"Republic of Ireland",3/21/2022,80+,80,999,18359,13574,92,66
Romania,3/7/2022,0-4,0,4,23008,26948,457,483
Romania,3/7/2022,5-9,5,9,28372,31542,469,496
Romania,3/7/2022,10-14,10,14,48626,52878,525,555
Romania,3/7/2022,15-19,15,19,48066,43631,483,511
Romania,3/7/2022,20-24,20,24,57903,44849,487,523
Romania,3/7/2022,25-29,25,29,78022,61346,514,563
Romania,3/7/2022,30-39,30,39,218762,179751,1243,1342
Romania,3/7/2022,40-49,40,49,237708,192433,1490,1536
Romania,3/7/2022,50-59,50,59,197586,152271,1302,1267
Romania,3/7/2022,60-64,60,64,80888,65460,694,596
Romania,3/7/2022,65-69,65,69,80265,64332,698,548
Romania,3/7/2022,70-74,70,74,64561,52422,542,386
Romania,3/7/2022,75-79,75,79,41343,32441,371,232
Romania,3/7/2022,80,80,999,56906,39091,608,315
Rwanda,10/5/2020,0-4,0,4,38,38,935,950
Rwanda,10/5/2020,5-9,5,9,43,35,835,841
Rwanda,10/5/2020,10-14,10,14,55,63,777,775
Rwanda,10/5/2020,15-19,15,19,116,160,681,673
Rwanda,10/5/2020,20-29,20,29,483,1025,1122,1089
Rwanda,10/5/2020,30-39,30,39,507,1019,937,875
Rwanda,10/5/2020,40-49,40,49,270,472,560,510
Rwanda,10/5/2020,50-59,50,59,135,207,365,363
Rwanda,10/5/2020,60-64,60,64,34,53,136,123
Rwanda,10/5/2020,65-69,65,69,18,25,103,83
Rwanda,10/5/2020,70-74,70,74,12,15,65,44
Rwanda,10/5/2020,75-79,75,79,8,8,41,25
Rwanda,10/5/2020,80,80,999,5,4,27,16
"Saint Kitts and Nevis",3/28/2022,0-4,0,4,93,90,,
"Saint Kitts and Nevis",3/28/2022,5-9,5,9,139,122,,
"Saint Kitts and Nevis",3/28/2022,10-14,10,14,158,137,,
"Saint Kitts and Nevis",3/28/2022,15-19,15,19,200,141,,
"Saint Kitts and Nevis",3/28/2022,20-24,20,24,307,227,,
"Saint Kitts and Nevis",3/28/2022,25-29,25,29,320,245,,
"Saint Kitts and Nevis",3/28/2022,30-34,30,34,321,245,,
"Saint Kitts and Nevis",3/28/2022,35-39,35,39,290,215,,
"Saint Kitts and Nevis",3/28/2022,40-44,40,44,223,174,,
"Saint Kitts and Nevis",3/28/2022,45-49,45,49,201,142,,
"Saint Kitts and Nevis",3/28/2022,50-54,50,54,138,134,,
"Saint Kitts and Nevis",3/28/2022,55-59,55,59,135,110,,
"Saint Kitts and Nevis",3/28/2022,60-64,60,64,137,73,,
"Saint Kitts and Nevis",3/28/2022,65-69,65,69,65,66,,
"Saint Kitts and Nevis",3/28/2022,70-74,70,74,37,50,,
"Saint Kitts and Nevis",3/28/2022,75-79,75,79,27,25,,
"Saint Kitts and Nevis",3/28/2022,80+,80,999,38,32,,
"Saint Lucia",3/29/2021,0-4,0,4,26,34,5,5
"Saint Lucia",3/29/2021,5-9,5,9,68,38,5,6
"Saint Lucia",3/29/2021,10-14,10,14,72,67,6,6
"Saint Lucia",3/29/2021,15-19,15,19,91,78,7,7
"Saint Lucia",3/29/2021,20-24,20,24,206,194,8,8
"Saint Lucia",3/29/2021,25-29,25,29,312,266,8,8
"Saint Lucia",3/29/2021,30-34,30,34,264,247,7,7
"Saint Lucia",3/29/2021,35-39,35,39,282,218,7,7
"Saint Lucia",3/29/2021,40-44,40,44,187,185,7,6
"Saint Lucia",3/29/2021,45-49,45,49,168,152,7,6
"Saint Lucia",3/29/2021,50-54,50,54,158,148,6,6
"Saint Lucia",3/29/2021,55-59,55,59,148,115,6,5
"Saint Lucia",3/29/2021,60-64,60,64,88,93,4,4
"Saint Lucia",3/29/2021,65-69,65,69,60,67,3,3
"Saint Lucia",3/29/2021,70-74,70,74,36,43,3,2
"Saint Lucia",3/29/2021,75-79,75,79,25,31,2,2
"Saint Lucia",3/29/2021,80,80,999,38,37,2,2
"Saint Vincent and the Grenadines",1/24/2022,0-4,0,4,101,101,4,4
"Saint Vincent and the Grenadines",1/24/2022,5-9,5,9,178,153,4,4
"Saint Vincent and the Grenadines",1/24/2022,10-14,10,14,213,166,4,4
"Saint Vincent and the Grenadines",1/24/2022,15-19,15,19,232,188,4,5
"Saint Vincent and the Grenadines",1/24/2022,20-24,20,24,344,232,5,5
"Saint Vincent and the Grenadines",1/24/2022,25-29,25,29,369,277,4,4
"Saint Vincent and the Grenadines",1/24/2022,30-34,30,34,294,235,4,4
"Saint Vincent and the Grenadines",1/24/2022,35-39,35,39,309,247,4,4
"Saint Vincent and the Grenadines",1/24/2022,40-44,40,44,258,177,4,4
"Saint Vincent and the Grenadines",1/24/2022,45-49,45,49,225,165,3,4
"Saint Vincent and the Grenadines",1/24/2022,50-54,50,54,199,136,3,3
"Saint Vincent and the Grenadines",1/24/2022,55-59,55,59,157,135,3,4
"Saint Vincent and the Grenadines",1/24/2022,60-64,60,64,151,114,3,3
"Saint Vincent and the Grenadines",1/24/2022,65-69,65,69,91,86,2,2
"Saint Vincent and the Grenadines",1/24/2022,70-74,70,74,75,61,1,1
"Saint Vincent and the Grenadines",1/24/2022,75-79,75,79,36,48,1,1
"Saint Vincent and the Grenadines",1/24/2022,80,80,999,58,60,1,1
"Sao Tome and Principe",3/29/2021,0-4,0,4,7,7,16,16
"Sao Tome and Principe",3/29/2021,5-9,5,9,27,28,15,15
"Sao Tome and Principe",3/29/2021,10-14,10,14,49,43,14,15
"Sao Tome and Principe",3/29/2021,15-19,15,19,55,51,12,13
"Sao Tome and Principe",3/29/2021,20-29,20,29,155,138,17,17
"Sao Tome and Principe",3/29/2021,30-39,30,39,269,264,13,13
"Sao Tome and Principe",3/29/2021,40-49,40,49,198,237,9,9
"Sao Tome and Principe",3/29/2021,50-59,50,59,181,173,7,6
"Sao Tome and Principe",3/29/2021,60-64,60,64,65,82,2,2
"Sao Tome and Principe",3/29/2021,65-69,65,69,38,37,2,1
"Sao Tome and Principe",3/29/2021,70-74,70,74,18,27,1,1
"Sao Tome and Principe",3/29/2021,75-79,75,79,12,11,1,0
"Sao Tome and Principe",3/29/2021,80,80,999,24,17,1,0
Scotland,6/12/2022,0-4,0,4,24675,24949,128,136
Scotland,6/12/2022,5-14,5,14,135592,137773,291,305
Scotland,6/12/2022,15-19,15,19,75349,62745,138,144
Scotland,6/12/2022,20-24,20,24,93556,75340,168,173
Scotland,6/12/2022,25-44,25,44,366902,292674,723,708
Scotland,6/12/2022,45-64,45,64,269346,221476,772,723
Scotland,6/12/2022,65-74,65,74,51915,51270,306,145
Scotland,6/12/2022,75-84,75,84,26679,24605,192,149
Scotland,6/12/2022,85+,85,999,16990,9180,82,46
Seychelles,5/3/2021,0-4,0,4,98,98,4,4
Seychelles,5/3/2021,5-9,5,9,84,97,4,4
Seychelles,5/3/2021,10-14,10,14,82,99,4,4
Seychelles,5/3/2021,15-19,15,19,158,119,3,3
Seychelles,5/3/2021,20-29,20,29,508,413,6,7
Seychelles,5/3/2021,30-39,30,39,522,483,7,8
Seychelles,5/3/2021,40-49,40,49,362,386,7,8
Seychelles,5/3/2021,50-59,50,59,318,222,6,7
Seychelles,5/3/2021,60-64,60,64,72,61,2,2
Seychelles,5/3/2021,65-69,65,69,29,26,2,1
Seychelles,5/3/2021,70-74,70,74,23,25,1,1
Seychelles,5/3/2021,75-79,75,79,13,11,1,1
Seychelles,5/3/2021,80+,80,999,21,10,1,1
"Sierra Leone",3/30/2022,0-5,0,5,141,171,687,691
"Sierra Leone",3/30/2022,5-14,5,14,180,175,1028,1031
"Sierra Leone",3/30/2022,15-24,15,24,474,474,812,817
"Sierra Leone",3/30/2022,25-34,25,34,835,1048,595,610
"Sierra Leone",3/30/2022,35-44,35,44,576,1039,410,426
"Sierra Leone",3/30/2022,45-59,45,59,545,1024,365,354
"Sierra Leone",3/30/2022,60+,60,999,278,498,208,162
Singapore,9/27/2021,0-4,0,4,53,53,124,134
Singapore,9/27/2021,5-9,5,9,51,80,107,114
Singapore,9/27/2021,10-14,10,14,38,51,118,123
Singapore,9/27/2021,15-19,15,19,102,101,128,137
Singapore,9/27/2021,20-29,20,29,689,984,375,458
Singapore,9/27/2021,30-39,30,39,918,1240,428,468
Singapore,9/27/2021,40-49,40,49,431,706,460,505
Singapore,9/27/2021,50-59,50,59,246,357,438,509
Singapore,9/27/2021,60-64,60,64,88,116,205,239
Singapore,9/27/2021,65-69,65,69,72,76,166,189
Singapore,9/27/2021,70-74,70,74,53,54,100,90
Singapore,9/27/2021,75-79,75,79,24,22,55,44
Singapore,9/27/2021,80,80,999,43,32,83,52
"Sint Maarten",3/14/2022,0-4,0,4,48,62,,
"Sint Maarten",3/14/2022,5-9,5,9,134,123,,
"Sint Maarten",3/14/2022,10-14,10,14,202,175,,
"Sint Maarten",3/14/2022,15-19,15,19,255,182,,
"Sint Maarten",3/14/2022,20-24,20,24,341,223,,
"Sint Maarten",3/14/2022,25-29,25,29,523,342,,
"Sint Maarten",3/14/2022,30-34,30,34,580,430,,
"Sint Maarten",3/14/2022,35-39,35,39,484,376,,
"Sint Maarten",3/14/2022,40-44,40,44,514,347,,
"Sint Maarten",3/14/2022,45-49,45,49,409,378,,
"Sint Maarten",3/14/2022,50-54,50,54,408,320,,
"Sint Maarten",3/14/2022,55-59,55,59,340,302,,
"Sint Maarten",3/14/2022,60-64,60,64,239,201,,
"Sint Maarten",3/14/2022,65-69,65,69,140,148,,
"Sint Maarten",3/14/2022,70-74,70,74,91,120,,
"Sint Maarten",3/14/2022,75-79,75,79,61,47,,
"Sint Maarten",3/14/2022,80+,80,999,48,28,,
Slovakia,3/14/2022,0-4,0,4,16635,18305,139,145
Slovakia,3/14/2022,5-9,5,9,52388,57505,138,145
Slovakia,3/14/2022,10-14,10,14,76559,78332,138,145
Slovakia,3/14/2022,15-19,15,19,74420,74214,128,135
Slovakia,3/14/2022,20-24,20,24,66484,66942,142,149
Slovakia,3/14/2022,25-29,25,29,81032,79519,178,187
Slovakia,3/14/2022,30-39,30,39,205291,193320,414,434
Slovakia,3/14/2022,40-49,40,49,229926,211626,421,440
Slovakia,3/14/2022,50-59,50,59,159634,141549,362,348
Slovakia,3/14/2022,60-64,60,64,57099,51970,192,170
Slovakia,3/14/2022,65-69,65,69,42388,36447,184,149
Slovakia,3/14/2022,70-74,70,74,30374,24173,138,99
Slovakia,3/14/2022,75-79,75,79,18885,12954,102,60
Slovakia,3/14/2022,80+,80,999,27481,12077,125,55
Slovenia,3/21/2022,0-4,0,4,8534,9338,49,52
Slovenia,3/21/2022,5-9,5,9,26036,27292,53,56
Slovenia,3/21/2022,10-14,10,14,38330,39639,51,54
Slovenia,3/21/2022,15-19,15,19,32059,29699,45,47
Slovenia,3/21/2022,20-24,20,24,30352,28062,46,50
Slovenia,3/21/2022,25-29,25,29,34499,32243,53,56
Slovenia,3/21/2022,30-39,30,39,92229,80536,136,148
Slovenia,3/21/2022,40-49,40,49,98870,87542,145,161
Slovenia,3/21/2022,50-59,50,59,71789,63573,149,152
Slovenia,3/21/2022,60-64,60,64,22920,21593,73,73
Slovenia,3/21/2022,65-69,65,69,17128,16826,71,69
Slovenia,3/21/2022,70-74,70,74,12618,11877,52,45
Slovenia,3/21/2022,75-79,75,79,8996,7406,46,34
Slovenia,3/21/2022,80+,80,999,21591,10486,76,38
Somalia,8/3/2020,0-4,0,4,3,6,1403,1424
Somalia,8/3/2020,5-9,5,9,2,8,1187,1202
Somalia,8/3/2020,10-14,10,14,8,15,1054,1066
Somalia,8/3/2020,15-19,15,19,44,78,906,913
Somalia,8/3/2020,20-24,20,24,152,319,766,768
Somalia,8/3/2020,25-29,25,29,143,470,583,577
Somalia,8/3/2020,30-34,30,34,136,460,438,430
Somalia,8/3/2020,35-39,35,39,81,278,339,327
Somalia,8/3/2020,40-44,40,44,69,221,288,273
Somalia,8/3/2020,45-49,45,49,46,103,256,237
Somalia,8/3/2020,50-54,50,54,53,155,212,195
Somalia,8/3/2020,55-59,55,59,39,104,168,159
Somalia,8/3/2020,60-64,60,64,41,100,132,130
Somalia,8/3/2020,65-69,65,69,19,63,101,99
Somalia,8/3/2020,70-74,70,74,21,62,69,66
Somalia,8/3/2020,75-79,75,79,13,24,40,35
Somalia,8/3/2020,80,80,999,18,33,29,22
"South Africa",6/15/2022,0-4,0,4,30343,33793,2846,2919
"South Africa",6/15/2022,5-9,5,9,42111,43036,2877,2943
"South Africa",6/15/2022,10-14,10,14,78677,73373,2721,2775
"South Africa",6/15/2022,15-19,15,19,122935,93340,2441,2472
"South Africa",6/15/2022,20-24,20,24,150106,107207,2447,2477
"South Africa",6/15/2022,25-29,25,29,223224,155357,2589,2629
"South Africa",6/15/2022,30-34,30,34,254619,183354,2664,2710
"South Africa",6/15/2022,35-39,35,39,252367,191551,2378,2404
"South Africa",6/15/2022,40-44,40,44,209543,167223,1917,1893
"South Africa",6/15/2022,45-49,45,49,197848,160751,1655,1578
"South Africa",6/15/2022,50-54,50,54,178989,143768,1401,1291
"South Africa",6/15/2022,55-59,55,59,149002,118453,1184,1036
"South Africa",6/15/2022,60-64,60,64,104292,84009,990,804
"South Africa",6/15/2022,65-69,65,69,71801,57988,785,585
"South Africa",6/15/2022,70-74,70,74,52804,42294,536,359
"South Africa",6/15/2022,75-79,75,79,35750,26412,368,213
"South Africa",6/15/2022,80+,80,999,46423,26155,293,128
Spain,6/15/2022,0-9,0,9,534971,568077,2052,2182
Spain,6/15/2022,10-19,10,19,791200,781743,2295,2442
Spain,6/15/2022,20-29,20,29,900534,792312,2258,2359
Spain,6/15/2022,30-39,30,39,1036587,844068,2950,2952
Spain,6/15/2022,40-49,40,49,1219964,1018664,3899,4039
Spain,6/15/2022,50-59,50,59,880174,751917,3533,3513
Spain,6/15/2022,60-69,60,69,548753,486851,2766,2574
Spain,6/15/2022,70-79,70,79,375833,335527,2187,1829
Spain,6/15/2022,80+,80,999,418985,252364,1836,1088
Sudan,2/22/2021,0-4,0,4,61,67,3123,3216
Sudan,2/22/2021,5-9,5,9,83,107,2855,2934
Sudan,2/22/2021,10-14,10,14,212,198,2626,2696
Sudan,2/22/2021,15-19,15,19,452,530,2372,2429
Sudan,2/22/2021,20-24,20,24,1152,1631,2058,2101
Sudan,2/22/2021,25-29,25,29,1602,1945,1720,1748
Sudan,2/22/2021,30-34,30,34,1141,1633,1405,1394
Sudan,2/22/2021,35-39,35,39,836,1202,1231,1173
Sudan,2/22/2021,40-44,40,44,640,1089,1049,978
Sudan,2/22/2021,45-49,45,49,634,967,874,827
Sudan,2/22/2021,50-54,50,54,748,1016,728,697
Sudan,2/22/2021,55-59,55,59,615,888,581,547
Sudan,2/22/2021,60-64,60,64,685,1192,456,419
Sudan,2/22/2021,65-69,65,69,513,874,348,313
Sudan,2/22/2021,70-74,70,74,499,996,242,213
Sudan,2/22/2021,75-79,75,79,287,526,151,127
Sudan,2/22/2021,80+,80,999,332,640,122,95
Suriname,3/21/2022,0-4,0,4,229,268,25,27
Suriname,3/21/2022,5-9,5,9,317,312,25,27
Suriname,3/21/2022,10-14,10,14,505,493,25,27
Suriname,3/21/2022,15-19,15,19,776,637,24,26
Suriname,3/21/2022,20-24,20,24,1380,1221,24,25
Suriname,3/21/2022,25-29,25,29,1555,1541,23,24
Suriname,3/21/2022,30-34,30,34,1727,1698,21,22
Suriname,3/21/2022,35-39,35,39,1605,1702,20,20
Suriname,3/21/2022,40-44,40,44,1395,1342,18,18
Suriname,3/21/2022,45-49,45,49,1214,1229,19,19
Suriname,3/21/2022,50-54,50,54,1560,1637,16,17
Suriname,3/21/2022,55-59,55,59,1008,990,16,16
Suriname,3/21/2022,60-64,60,64,608,681,11,11
Suriname,3/21/2022,65-69,65,69,469,427,8,7
Suriname,3/21/2022,70-74,70,74,292,295,6,5
Suriname,3/21/2022,75-79,75,79,208,191,4,3
Suriname,3/21/2022,80+,80,999,231,211,5,3
Sweden,3/14/2022,0-4,0,4,4478,4947,292,309
Sweden,3/14/2022,5-9,5,9,61882,68629,288,304
Sweden,3/14/2022,10-14,10,14,87567,93246,285,301
Sweden,3/14/2022,15-19,15,19,92544,83803,264,277
Sweden,3/14/2022,20-24,20,24,96123,88429,264,280
Sweden,3/14/2022,25-29,25,29,119479,103237,359,374
Sweden,3/14/2022,30-39,30,39,263331,218713,646,674
Sweden,3/14/2022,40-49,40,49,250267,213250,622,642
Sweden,3/14/2022,50-59,50,59,189463,171956,639,657
Sweden,3/14/2022,60-64,60,64,56816,52051,283,284
Sweden,3/14/2022,65-69,65,69,28466,30932,266,260
Sweden,3/14/2022,70-74,70,74,19488,22325,289,275
Sweden,3/14/2022,75-79,75,79,16139,17368,224,206
Sweden,3/14/2022,80+,80,999,38827,25620,318,214
Switzerland,3/21/2022,0-4,0,4,33133,35176,221,231
Switzerland,3/21/2022,5-9,5,9,103578,110284,211,222
Switzerland,3/21/2022,10-14,10,14,126700,136052,200,210
Switzerland,3/21/2022,15-19,15,19,129765,121578,208,217
Switzerland,3/21/2022,20-24,20,24,144360,133468,238,246
Switzerland,3/21/2022,25-29,25,29,168982,152674,274,281
Switzerland,3/21/2022,30-39,30,39,357063,313364,606,614
Switzerland,3/21/2022,40-49,40,49,318790,272775,580,587
Switzerland,3/21/2022,50-59,50,59,253927,231426,654,666
Switzerland,3/21/2022,60-64,60,64,79419,76379,265,270
Switzerland,3/21/2022,65-69,65,69,48560,46705,226,216
Switzerland,3/21/2022,70-74,70,74,36865,36445,220,202
Switzerland,3/21/2022,75-79,75,79,28708,27731,179,152
Switzerland,3/21/2022,80+,80,999,63005,38761,280,179
Taiwan,6/16/2022,0-4,0,4,68599,76620,487,524
Taiwan,6/16/2022,5-9,5,9,90581,101188,501,541
Taiwan,6/16/2022,10-14,10,14,64866,75594,469,507
Taiwan,6/16/2022,15-19,15,19,69638,79476,581,632
Taiwan,6/16/2022,20-24,20,24,113632,122598,721,782
Taiwan,6/16/2022,25-29,25,29,149604,149008,784,834
Taiwan,6/16/2022,30-34,30,34,147626,143107,796,825
Taiwan,6/16/2022,35-39,35,39,160358,137752,963,964
Taiwan,6/16/2022,40-44,40,44,167934,135979,1027,1006
Taiwan,6/16/2022,45-49,45,49,128460,102838,886,869
Taiwan,6/16/2022,50-54,50,54,108337,84751,914,892
Taiwan,6/16/2022,55-59,55,59,103708,78844,952,900
Taiwan,6/16/2022,60-64,60,64,95156,72948,863,821
Taiwan,6/16/2022,65-69,65,69,76101,61660,749,667
Taiwan,6/16/2022,70+,70,999,121241,101134,1288,1070
Timor-Leste,3/28/2022,0-4,0,4,331,357,87,91
Timor-Leste,3/28/2022,5-9,5,9,246,214,75,78
Timor-Leste,3/28/2022,10-14,10,14,511,437,76,78
Timor-Leste,3/28/2022,15-19,15,19,1250,1286,75,78
Timor-Leste,3/28/2022,20-29,20,29,3556,3985,121,124
Timor-Leste,3/28/2022,30-39,30,39,2410,3008,79,80
Timor-Leste,3/28/2022,40-49,40,49,1112,1694,50,51
Timor-Leste,3/28/2022,50-59,50,59,577,1015,44,45
Timor-Leste,3/28/2022,60-64,60,64,171,265,15,15
Timor-Leste,3/28/2022,65-69,65,69,92,153,10,10
Timor-Leste,3/28/2022,70-74,70,74,65,99,9,8
Timor-Leste,3/28/2022,75-79,75,79,27,52,6,5
Timor-Leste,3/28/2022,80+,80,999,28,35,5,3
"Trinidad and Tobago",12/20/2021,0-4,0,4,478,516,43,45
"Trinidad and Tobago",12/20/2021,5-9,5,9,752,776,47,49
"Trinidad and Tobago",12/20/2021,10-14,10,14,999,942,47,49
"Trinidad and Tobago",12/20/2021,15-19,15,19,1327,1229,44,45
"Trinidad and Tobago",12/20/2021,20-24,20,24,2386,2096,42,43
"Trinidad and Tobago",12/20/2021,25-29,25,29,3451,3044,48,49
"Trinidad and Tobago",12/20/2021,30-34,30,34,4163,3977,58,59
"Trinidad and Tobago",12/20/2021,35-39,35,39,4489,4222,63,63
"Trinidad and Tobago",12/20/2021,40-44,40,44,3677,3425,51,50
"Trinidad and Tobago",12/20/2021,45-49,45,49,2927,3039,46,45
"Trinidad and Tobago",12/20/2021,50-54,50,54,2778,2623,42,40
"Trinidad and Tobago",12/20/2021,55-59,55,59,2831,2588,48,45
"Trinidad and Tobago",12/20/2021,60-64,60,64,2017,1969,39,37
"Trinidad and Tobago",12/20/2021,65-69,65,69,1525,1507,32,29
"Trinidad and Tobago",12/20/2021,70-74,70,74,1027,1143,24,20
"Trinidad and Tobago",12/20/2021,75-79,75,79,721,730,17,13
"Trinidad and Tobago",12/20/2021,80,80,999,939,733,17,11
Tunisia,12/14/2020,0-4,0,4,255,240,489,515
Tunisia,12/14/2020,5-9,5,9,322,310,492,522
Tunisia,12/14/2020,10-14,10,14,518,456,411,442
Tunisia,12/14/2020,15-19,15,19,1017,793,378,409
Tunisia,12/14/2020,20-24,20,24,1847,1292,395,426
Tunisia,12/14/2020,25-29,25,29,3238,2413,447,457
Tunisia,12/14/2020,30-34,30,34,3700,2789,479,449
Tunisia,12/14/2020,35-39,35,39,3544,2858,501,485
Tunisia,12/14/2020,40-44,40,44,3175,2538,439,408
Tunisia,12/14/2020,45-49,45,49,2446,2126,373,352
Tunisia,12/14/2020,50-54,50,54,2329,2047,372,340
Tunisia,12/14/2020,55-59,55,59,2293,2111,329,321
Tunisia,12/14/2020,60-64,60,64,1896,1747,275,264
Tunisia,12/14/2020,65-69,65,69,1505,1481,222,202
Tunisia,12/14/2020,70-74,70,74,1135,1008,138,112
Tunisia,12/14/2020,75-79,75,79,664,618,97,77
Tunisia,12/14/2020,80,80,999,971,881,120,80
Turkey,3/7/2022,0-4,0,4,76836,91875,3210,3357
Turkey,3/7/2022,5-9,5,9,141619,158265,3349,3503
Turkey,3/7/2022,10-14,10,14,316116,331006,3311,3462
Turkey,3/7/2022,15-19,15,19,506100,461583,3333,3489
Turkey,3/7/2022,20-24,20,24,656120,553525,3321,3449
Turkey,3/7/2022,25-29,25,29,766458,680760,3159,3245
Turkey,3/7/2022,30-39,30,39,1482213,1398525,6368,6407
Turkey,3/7/2022,40-49,40,49,1314797,1184008,5808,5639
Turkey,3/7/2022,50-59,50,59,936099,816452,4603,4305
Turkey,3/7/2022,60-64,60,64,338592,308602,1865,1581
Turkey,3/7/2022,65-69,65,69,278103,243476,1534,1213
Turkey,3/7/2022,70-74,70,74,203369,173124,1109,862
Turkey,3/7/2022,75-79,75,79,135632,113503,799,584
Turkey,3/7/2022,80,80,999,177855,128946,934,541
"Turks and Caicos",3/7/2022,0-4,0,4,49,86,,
"Turks and Caicos",3/7/2022,5-9,5,9,123,138,,
"Turks and Caicos",3/7/2022,10-14,10,14,124,140,,
"Turks and Caicos",3/7/2022,15-19,15,19,151,130,,
"Turks and Caicos",3/7/2022,20-24,20,24,324,200,,
"Turks and Caicos",3/7/2022,25-29,25,29,350,247,,
"Turks and Caicos",3/7/2022,30-34,30,34,333,340,,
"Turks and Caicos",3/7/2022,35-39,35,39,344,288,,
"Turks and Caicos",3/7/2022,40-44,40,44,293,319,,
"Turks and Caicos",3/7/2022,45-49,45,49,266,235,,
"Turks and Caicos",3/7/2022,50-54,50,54,231,211,,
"Turks and Caicos",3/7/2022,55-59,55,59,165,171,,
"Turks and Caicos",3/7/2022,60-64,60,64,110,115,,
"Turks and Caicos",3/7/2022,65-69,65,69,49,62,,
"Turks and Caicos",3/7/2022,70-74,70,74,26,28,,
"Turks and Caicos",3/7/2022,75-79,75,79,18,12,,
"Turks and Caicos",3/7/2022,80+,80,999,23,15,,
USA,6/10/2022,0-9,0,9,2742491,2904399,19420,20301
USA,6/10/2022,10-19,10,19,4841388,4537437,20721,21612
USA,6/10/2022,20-29,20,29,7126489,5921045,22627,23467
USA,6/10/2022,30-39,30,39,6639984,5605293,22107,22561
USA,6/10/2022,40-49,40,49,5618969,4775270,20261,20088
USA,6/10/2022,50-59,50,59,4988641,4456747,21098,21022
USA,6/10/2022,60-69,60,69,3453769,3178586,19973,18515
USA,6/10/2022,70-79,70,79,1854028,1692818,13110,10973
USA,6/10/2022,80+,80,999,1301752,872208,7900,5247
Uganda,8/2/2021,0-4,0,4,1191,1191,3858,3938
Uganda,8/2/2021,5-9,5,9,1387,1353,3499,3561
Uganda,8/2/2021,10-14,10,14,2370,2026,3072,3120
Uganda,8/2/2021,15-19,15,19,3760,3182,2621,2636
Uganda,8/2/2021,20-29,20,29,15771,16692,4036,3837
Uganda,8/2/2021,30-39,30,39,14726,22273,2658,2443
Uganda,8/2/2021,40-49,40,49,8036,15012,1625,1508
Uganda,8/2/2021,50-59,50,59,4467,7979,967,885
Uganda,8/2/2021,60-64,60,64,1499,2142,313,255
Uganda,8/2/2021,65-69,65,69,1000,1277,234,172
Uganda,8/2/2021,70-74,70,74,793,909,157,105
Uganda,8/2/2021,75-79,75,79,488,544,94,56
Uganda,8/2/2021,80,80,999,770,819,61,29
Ukraine,5/13/2022,0-17,0,17,172012,179033,3977,4222
Ukraine,5/13/2022,18-29,18,29,345529,306412,2764,2908
Ukraine,5/13/2022,30-49,30,49,1018031,737195,6861,6754
Ukraine,5/13/2022,50-69,50,69,1113314,742209,6542,4904
Ukraine,5/13/2022,70+,70,999,266293,185051,3326,1474
Venezuela,3/14/2022,0-4,0,4,2243,3481,1161,1203
Venezuela,3/14/2022,5-9,5,9,2247,3169,1336,1395
Venezuela,3/14/2022,10-14,10,14,4114,5063,1298,1360
Venezuela,3/14/2022,15-19,15,19,9988,10188,1226,1275
Venezuela,3/14/2022,20-24,20,24,14686,15346,1047,1055
Venezuela,3/14/2022,25-29,25,29,20274,18535,1025,1003
Venezuela,3/14/2022,30-34,30,34,23238,21059,1056,1008
Venezuela,3/14/2022,35-39,35,39,25179,23248,1011,953
Venezuela,3/14/2022,40-44,40,44,25960,23357,964,904
Venezuela,3/14/2022,45-49,45,49,23582,22437,875,822
Venezuela,3/14/2022,50-54,50,54,22449,21252,827,773
Venezuela,3/14/2022,55-59,55,59,19233,18731,738,677
Venezuela,3/14/2022,60-64,60,64,15296,14855,620,557
Venezuela,3/14/2022,65-69,65,69,12033,11950,462,404
Venezuela,3/14/2022,70-74,70,74,8304,8539,330,274
Venezuela,3/14/2022,75-79,75,79,5025,5141,218,168
Venezuela,3/14/2022,80+,80,999,6041,5030,258,155
Vietnam,4/10/2022,0-9,0,9,709497,803290,7309,8170
Vietnam,4/10/2022,10-19,10,19,677536,725230,6500,7099
Vietnam,4/10/2022,20-29,20,29,817812,639964,7526,7864
Vietnam,4/10/2022,30-39,30,39,1148619,831757,8006,8195
Vietnam,4/10/2022,40-49,40,49,690711,492013,6781,6792
Vietnam,4/10/2022,50-59,50,59,452846,317300,5672,5438
Vietnam,4/10/2022,60-69,60,69,311992,210607,3991,3352
Vietnam,4/10/2022,70-79,70,79,126946,83927,1691,1088
Vietnam,4/10/2022,80+,80,999,75328,43861,1265,602
Wales,6/16/2022,0-4,0,4,8370,8871,79,82
Wales,6/16/2022,5-9,5,9,25747,26454,89,93
Wales,6/16/2022,10-14,10,14,38155,37340,90,95
Wales,6/16/2022,15-19,15,19,35181,29559,84,90
Wales,6/16/2022,20-24,20,24,41138,33355,98,108
Wales,6/16/2022,25-29,25,29,40892,33634,101,107
Wales,6/16/2022,30-34,30,34,41864,33328,98,99
Wales,6/16/2022,35-39,35,39,40166,30772,94,92
Wales,6/16/2022,40-44,40,44,36741,28864,88,85
Wales,6/16/2022,45-49,45,49,33869,26857,98,94
Wales,6/16/2022,50-54,50,54,33588,27574,112,105
Wales,6/16/2022,55-59,55,59,28639,24506,114,108
Wales,6/16/2022,60-64,60,64,20073,18401,102,96
Wales,6/16/2022,65-69,65,69,12109,12378,93,87
Wales,6/16/2022,70-74,70,74,9577,10505,94,88
Wales,6/16/2022,75-79,75,79,7567,7896,70,61
Wales,6/16/2022,80-84,80,84,6393,5750,50,40
Wales,6/16/2022,85-89,85,89,5639,3860,33,22
Wales,6/16/2022,90+,90,999,5693,2503,21,10
Zambia,10/11/2021,0-4,0,4,1449,1449,1457,1489
Zambia,10/11/2021,5-9,5,9,2005,1812,1346,1371
Zambia,10/11/2021,10-14,10,14,4734,3575,1206,1223
Zambia,10/11/2021,15-19,15,19,10265,6873,1059,1062
Zambia,10/11/2021,20-29,20,29,26842,21265,1610,1570
Zambia,10/11/2021,30-39,30,39,21497,22250,1119,1066
Zambia,10/11/2021,40-49,40,49,12942,17107,719,695
Zambia,10/11/2021,50-59,50,59,7185,8868,396,365
Zambia,10/11/2021,60-64,60,64,2336,2428,130,107
Zambia,10/11/2021,65-69,65,69,1701,1800,96,70
Zambia,10/11/2021,70-74,70,74,1124,1250,68,45
Zambia,10/11/2021,75-79,75,79,797,880,43,24
Zambia,10/11/2021,80,80,999,933,1028,32,14
Zimbabwe,12/20/2021,0-4,0,4,611,611,1043,1055
Zimbabwe,12/20/2021,5-9,5,9,997,923,1101,1110
Zimbabwe,12/20/2021,10-14,10,14,2942,2264,958,963
Zimbabwe,12/20/2021,15-19,15,19,5846,3859,822,817
Zimbabwe,12/20/2021,20-29,20,29,12145,10424,1307,1176
Zimbabwe,12/20/2021,30-39,30,39,14611,13479,1049,819
Zimbabwe,12/20/2021,40-49,40,49,9979,11917,678,579
Zimbabwe,12/20/2021,50-59,50,59,6103,6764,383,315
Zimbabwe,12/20/2021,60-64,60,64,2464,2242,141,99
Zimbabwe,12/20/2021,65-69,65,69,2073,1882,113,72
Zimbabwe,12/20/2021,70-74,70,74,1486,1275,72,42
Zimbabwe,12/20/2021,75-79,75,79,1021,997,57,29
Zimbabwe,12/20/2021,80,80,999,1567,1425,45,17
